2022-02-24 01:48:00,-0.6,1029,324.0,6.2,33.8,DT_0063
2022-02-24 01:58:00,-0.4,1029.1,330.0,6.3,33.9,DT_0063
2022-02-24 02:54:00,-1.6,1029.5,354.0,4.4,33.8,DT_0063
2022-02-24 04:26:00,-1.9,1029.5,333.0,5.9,33.8,DT_0063
2022-02-24 01:01:00,0.2,1028.9,320.0,7.0,33.8,DT_0063
2022-02-24 00:11:00,1.3,1028.6,331.0,6.2,33.8,DT_0063
2022-02-24 01:47:00,-0.5,1029,324.0,7.2,33.8,DT_0063
2022-02-24 03:29:00,-2.2,1029.6,353.0,2.3,33.8,DT_0063
2022-02-24 06:13:00,-2.2,1029.5,335.0,8.1,33.8,DT_0063
2022-02-24 07:36:00,-1.7,1030.1,325.0,6.8,33.9,DT_0063
2022-02-24 07:45:00,-2.1,1030.1,318.0,7.6,33.8,DT_0063
2022-02-24 02:16:00,-0.7,1029.2,329.0,5.9,33.8,DT_0063
2022-02-24 00:27:00,0.8,1028.7,323.0,6.4,33.8,DT_0063
2022-02-24 03:49:00,-1.9,1029.5,348.0,5.3,33.8,DT_0063
2022-02-24 05:00:00,-2.2,1029.9,328.0,5.9,33.8,DT_0063
2022-02-24 05:35:00,-2.4,1029.9,345.0,7.1,33.8,DT_0063
2022-02-24 05:13:00,-2.3,1030,321.0,5.7,33.8,DT_0063
2022-02-24 03:25:00,-2.0,1029.5,39.0,2.1,33.8,DT_0063
2022-02-24 05:32:00,-2.4,1029.8,346.0,7.0,33.8,DT_0063
2022-02-24 03:21:00,-1.9,1029.4,354.0,4.8,33.8,DT_0063
2022-02-24 00:56:00,0.2,1028.9,327.0,6.7,33.8,DT_0063
2022-02-24 02:56:00,-1.7,1029.5,46.0,2.5,33.8,DT_0063
2022-02-24 03:20:00,-1.8,1029.5,359.0,5.0,33.8,DT_0063
2022-02-24 05:02:00,-2.3,1029.9,324.0,6.2,33.8,DT_0063
2022-02-24 05:24:00,-2.4,1030,330.0,6.1,33.8,DT_0063
2022-02-24 06:14:00,-2.2,1029.6,334.0,7.7,33.8,DT_0063
2022-02-24 06:16:00,-2.0,1029.5,338.0,7.9,33.8,DT_0063
2022-02-24 07:22:00,-1.8,1029.9,314.0,6.2,33.8,DT_0063
2022-02-24 07:51:00,-1.7,1030.1,316.0,8.0,33.9,DT_0063
2022-02-24 02:23:00,-0.9,1029.3,316.0,6.4,33.8,DT_0063
2022-02-24 06:44:00,-2.2,1029.5,334.0,6.5,33.8,DT_0063
2022-02-24 07:05:00,-2.0,1029.8,344.0,6.3,33.8,DT_0063
2022-02-24 03:36:00,-2.0,1029.5,14.0,3.1,33.8,DT_0063
2022-02-24 05:29:00,-2.4,1029.9,329.0,6.3,33.9,DT_0063
2022-02-24 05:46:00,-2.4,1029.7,340.0,7.9,33.8,DT_0063
2022-02-24 06:19:00,-2.0,1029.5,334.0,8.6,33.8,DT_0063
2022-02-24 00:47:00,0.5,1028.8,325.0,7.0,33.8,DT_0063
2022-02-24 03:07:00,-1.8,1029.5,346.0,5.7,33.8,DT_0063
2022-02-24 04:14:00,-2.0,1029.1,310.0,6.5,33.8,DT_0063
2022-02-24 05:47:00,-2.4,1029.7,343.0,7.2,33.8,DT_0063
2022-02-24 01:50:00,-0.7,1029.1,341.0,5.8,33.8,DT_0063
2022-02-24 04:41:00,-2.2,1029.8,348.0,4.5,33.8,DT_0063
2022-02-24 06:10:00,-1.9,1029.6,335.0,7.8,33.8,DT_0063
2022-02-24 07:55:00,-1.4,1030.1,315.0,8.1,33.8,DT_0063
2022-02-24 02:30:00,-1.2,1029.4,329.0,4.5,33.8,DT_0063
2022-02-24 03:55:00,-1.7,1029.5,354.0,3.8,33.8,DT_0063
2022-02-24 08:10:00,-1.5,1030.2,316.0,9.0,33.9,DT_0063
2022-02-24 05:08:00,-2.4,1030,315.0,6.8,33.8,DT_0063
2022-02-24 06:49:00,-1.9,1029.6,330.0,6.5,33.8,DT_0063
2022-02-24 07:01:00,-2.0,1029.8,334.0,7.3,33.8,DT_0063
2022-02-24 08:25:00,-1.5,1030.4,314.0,7.0,33.8,DT_0063
2022-02-24 05:09:00,-2.4,1030,328.0,5.8,33.8,DT_0063
2022-02-24 08:00:00,-1.4,1030.2,317.0,8.2,33.8,DT_0063
2022-02-24 03:44:00,-2.1,1029.6,17.0,2.4,33.8,DT_0063
2022-02-24 05:06:00,-2.4,1030,328.0,5.6,33.8,DT_0063
2022-02-24 08:14:00,-1.5,1030.2,317.0,7.9,33.8,DT_0063
2022-02-24 00:26:00,0.8,1028.6,325.0,6.7,33.8,DT_0063
2022-02-24 04:34:00,-1.9,1029.6,332.0,5.0,33.8,DT_0063
2022-02-24 00:31:00,0.7,1028.6,317.0,7.6,33.8,DT_0063
2022-02-24 04:06:00,-1.8,1029.4,333.0,4.6,33.8,DT_0063
2022-02-24 06:38:00,-1.9,1029.4,336.0,7.6,33.8,DT_0063
2022-02-24 08:26:00,-1.5,1030.4,310.0,7.4,33.8,DT_0063
2022-02-24 03:57:00,-1.9,1029.4,325.0,4.6,33.8,DT_0063
2022-02-24 04:22:00,-2.0,1029.4,345.0,5.7,33.8,DT_0063
2022-02-24 04:54:00,-2.1,1029.9,327.0,5.0,33.8,DT_0063
2022-02-24 00:52:00,0.6,1028.9,329.0,6.7,33.8,DT_0063
2022-02-24 01:15:00,0.1,1028.8,327.0,9.4,33.8,DT_0063
2022-02-24 02:19:00,-0.8,1029.3,336.0,5.1,33.9,DT_0063
2022-02-24 00:22:00,0.8,1028.6,330.0,6.8,33.9,DT_0063
2022-02-24 01:31:00,-0.3,1029,322.0,6.9,33.9,DT_0063
2022-02-24 02:44:00,-1.5,1029.4,30.0,2.5,33.8,DT_0063
2022-02-24 03:09:00,-1.8,1029.5,357.0,5.1,33.8,DT_0063
2022-02-24 06:39:00,-1.9,1029.5,329.0,7.1,33.8,DT_0063
2022-02-24 07:31:00,-1.6,1030,325.0,6.2,33.8,DT_0063
2022-02-24 03:17:00,-1.9,1029.4,353.0,4.4,33.8,DT_0063
2022-02-24 07:10:00,-1.9,1029.8,319.0,6.7,33.8,DT_0063
2022-02-24 04:08:00,-1.8,1029.3,322.0,6.7,33.8,DT_0063
2022-02-24 05:25:00,-2.2,1030,338.0,5.8,33.8,DT_0063
2022-02-24 07:28:00,-1.9,1030,315.0,7.2,33.8,DT_0063
2022-02-24 04:21:00,-2.0,1029.4,340.0,5.7,33.8,DT_0063
2022-02-24 02:12:00,-0.8,1029.2,325.0,7.0,33.8,DT_0063
2022-02-24 03:24:00,-2.0,1029.5,19.0,2.6,33.8,DT_0063
2022-02-24 04:46:00,-2.2,1029.8,319.0,5.9,33.8,DT_0063
2022-02-24 06:23:00,-2.0,1029.5,337.0,8.5,33.8,DT_0063
2022-02-24 00:40:00,0.5,1028.6,336.0,7.2,33.8,DT_0063
2022-02-24 03:48:00,-1.9,1029.6,352.0,4.3,33.8,DT_0063
2022-02-24 05:21:00,-2.3,1030,332.0,6.3,33.8,DT_0063
2022-02-24 04:03:00,-2.0,1029.4,332.0,5.1,33.8,DT_0063
2022-02-24 04:40:00,-2.1,1029.7,338.0,5.9,33.8,DT_0063
2022-02-24 04:13:00,-2.0,1029.1,310.0,7.2,33.8,DT_0063
2022-02-24 06:31:00,-1.9,1029.4,332.0,8.5,33.8,DT_0063
2022-02-24 00:10:00,1.2,1028.6,329.0,6.3,33.8,DT_0063
2022-02-24 02:25:00,-1.0,1029.3,319.0,5.8,33.8,DT_0063
2022-02-24 07:42:00,-2.0,1030.1,317.0,7.7,33.8,DT_0063
2022-02-24 01:51:00,-0.7,1029,342.0,5.6,33.8,DT_0063
2022-02-24 06:51:00,-1.8,1029.7,336.0,6.3,33.8,DT_0063
2022-02-24 02:43:00,-1.4,1029.4,29.0,3.7,33.8,DT_0063
2022-02-24 06:02:00,-2.1,1029.6,330.0,7.6,33.9,DT_0063
2022-02-24 05:56:00,-2.2,1029.6,337.0,9.1,33.8,DT_0063
2022-02-24 08:06:00,-1.6,1030.2,319.0,7.3,33.8,DT_0063
2022-02-24 02:02:00,-0.7,1029.1,326.0,6.1,33.8,DT_0063
2022-02-24 02:46:00,-1.6,1029.4,355.0,2.9,33.9,DT_0063
2022-02-24 05:57:00,-2.3,1029.6,338.0,8.2,33.8,DT_0063
2022-02-24 07:15:00,-1.9,1029.9,332.0,7.4,33.8,DT_0063
2022-02-24 07:43:00,-2.0,1030.1,319.0,7.9,33.8,DT_0063
2022-02-24 00:41:00,0.6,1028.7,324.0,7.6,33.8,DT_0063
2022-02-24 07:57:00,-1.2,1030.1,319.0,8.9,33.8,DT_0063
2022-02-24 06:06:00,-1.8,1029.6,330.0,7.4,33.8,DT_0063
2022-02-24 02:21:00,-0.8,1029.3,324.0,5.7,33.8,DT_0063
2022-02-24 02:27:00,-1.0,1029.3,339.0,5.8,33.9,DT_0063
2022-02-24 06:32:00,-1.9,1029.4,324.0,8.1,33.8,DT_0063
2022-02-24 08:02:00,-1.5,1030.2,326.0,7.0,33.9,DT_0063
2022-02-24 00:19:00,0.8,1028.6,318.0,6.3,33.8,DT_0063
2022-02-24 03:59:00,-1.9,1029.3,313.0,5.9,33.8,DT_0063
2022-02-24 04:09:00,-1.9,1029.2,317.0,6.8,33.8,DT_0063
2022-02-24 00:20:00,0.8,1028.6,329.0,5.9,33.8,DT_0063
2022-02-24 00:36:00,0.8,1028.7,328.0,6.2,33.8,DT_0063
2022-02-24 00:54:00,0.2,1028.9,336.0,6.7,33.8,DT_0063
2022-02-24 02:40:00,-1.3,1029.4,335.0,5.1,33.9,DT_0063
2022-02-24 03:40:00,-2.0,1029.6,4.0,2.4,33.8,DT_0063
2022-02-24 05:51:00,-2.4,1029.7,337.0,8.2,33.8,DT_0063
2022-02-24 00:33:00,0.6,1028.7,334.0,6.1,33.8,DT_0063
2022-02-24 05:54:00,-2.2,1029.7,336.0,7.3,33.8,DT_0063
2022-02-24 06:28:00,-1.9,1029.4,326.0,7.9,33.8,DT_0063
2022-02-24 07:48:00,-1.9,1030.2,322.0,6.8,33.8,DT_0063
2022-02-24 06:11:00,-2.0,1029.6,335.0,7.9,33.8,DT_0063
2022-02-24 07:33:00,-1.6,1030,317.0,7.3,33.8,DT_0063
2022-02-24 01:36:00,-0.5,1029.1,325.0,6.8,33.9,DT_0063
2022-02-24 04:23:00,-2.1,1029.5,331.0,5.1,33.8,DT_0063
2022-02-24 06:43:00,-2.1,1029.5,319.0,8.2,33.8,DT_0063
2022-02-24 06:55:00,-1.8,1029.7,331.0,6.8,33.8,DT_0063
2022-02-24 00:14:00,0.9,1028.6,333.0,6.2,33.8,DT_0063
2022-02-24 05:14:00,-2.3,1030,319.0,6.5,33.8,DT_0063
2022-02-24 05:53:00,-2.4,1029.7,339.0,7.4,33.8,DT_0063
2022-02-24 08:17:00,-1.4,1030.2,310.0,7.6,33.9,DT_0063
2022-02-24 00:34:00,0.7,1028.7,324.0,5.9,33.8,DT_0063
2022-02-24 04:16:00,-2.0,1029.2,305.0,6.3,33.8,DT_0063
2022-02-24 04:57:00,-2.2,1029.9,326.0,6.0,33.8,DT_0063
2022-02-24 02:03:00,-0.8,1029.1,326.0,6.3,33.8,DT_0063
2022-02-24 05:19:00,-2.4,1029.9,318.0,7.2,33.8,DT_0063
2022-02-24 07:34:00,-1.7,1030.1,323.0,6.4,33.8,DT_0063
2022-02-24 08:22:00,-1.5,1030.3,308.0,7.9,33.8,DT_0063
2022-02-24 01:23:00,0.1,1028.9,314.0,8.5,33.8,DT_0063
2022-02-24 05:28:00,-2.3,1029.9,338.0,6.8,33.9,DT_0063
2022-02-24 01:57:00,-0.4,1029.1,335.0,5.9,33.8,DT_0063
2022-02-24 03:03:00,-1.7,1029.5,358.0,4.6,33.8,DT_0063
2022-02-24 02:10:00,-0.7,1029.2,321.0,6.7,33.8,DT_0063
2022-02-24 03:41:00,-2.0,1029.5,8.0,2.5,33.8,DT_0063
2022-02-24 05:18:00,-2.4,1030,325.0,5.9,33.8,DT_0063
2022-02-24 06:40:00,-1.9,1029.5,326.0,7.5,33.8,DT_0063
2022-02-24 07:59:00,-1.2,1030.2,319.0,7.5,33.8,DT_0063
2022-02-24 00:30:00,0.6,1028.7,325.0,6.8,33.8,DT_0063
2022-02-24 02:28:00,-1.0,1029.3,334.0,5.8,33.8,DT_0063
2022-02-24 04:18:00,-1.9,1029.3,322.0,6.5,33.8,DT_0063
2022-02-24 02:13:00,-0.8,1029.2,329.0,5.6,33.8,DT_0063
2022-02-24 05:17:00,-2.4,1030,325.0,5.6,33.8,DT_0063
2022-02-24 05:23:00,-2.3,1030,333.0,6.1,33.8,DT_0063
2022-02-24 06:09:00,-2.0,1029.6,330.0,8.4,33.8,DT_0063
2022-02-24 07:00:00,-1.9,1029.8,335.0,6.6,33.8,DT_0063
2022-02-24 03:51:00,-2.0,1029.6,350.0,4.3,33.8,DT_0063
2022-02-24 04:10:00,-2.0,1029.1,307.0,6.9,33.8,DT_0063
2022-02-24 07:09:00,-1.8,1029.9,319.0,6.8,33.8,DT_0063
2022-02-24 06:05:00,-1.9,1029.6,327.0,7.7,33.8,DT_0063
2022-02-24 06:59:00,-1.7,1029.7,338.0,6.9,33.8,DT_0063
2022-02-24 01:28:00,-0.1,1028.9,318.0,7.5,33.8,DT_0063
2022-02-24 02:58:00,-1.8,1029.5,344.0,1.6,33.9,DT_0063
2022-02-24 04:37:00,-2.0,1029.6,333.0,5.9,33.8,DT_0063
2022-02-24 07:37:00,-1.8,1030,320.0,8.0,33.8,DT_0063
2022-02-24 00:39:00,0.6,1028.6,324.0,7.1,33.8,DT_0063
2022-02-24 02:20:00,-0.8,1029.3,324.0,5.9,33.8,DT_0063
2022-02-24 00:16:00,0.8,1028.6,325.0,7.4,33.9,DT_0063
2022-02-24 04:42:00,-2.2,1029.7,349.0,5.8,33.8,DT_0063
2022-02-24 06:36:00,-1.9,1029.5,335.0,6.9,33.8,DT_0063
2022-02-24 07:18:00,-1.9,1030,328.0,6.1,33.8,DT_0063
2022-02-24 00:51:00,0.6,1028.9,327.0,6.8,33.8,DT_0063
2022-02-24 02:48:00,-1.6,1029.4,348.0,4.0,33.8,DT_0063
2022-02-24 03:35:00,-2.0,1029.5,5.0,3.5,33.8,DT_0063
2022-02-24 03:58:00,-1.9,1029.4,313.0,5.7,33.8,DT_0063
2022-02-24 07:52:00,-1.6,1030.2,315.0,7.6,33.9,DT_0063
2022-02-24 08:16:00,-1.4,1030.2,309.0,8.0,33.8,DT_0063
2022-02-24 01:16:00,0.0,1028.8,333.0,8.1,33.8,DT_0063
2022-02-24 02:04:00,-0.8,1029.1,325.0,6.2,33.8,DT_0063
2022-02-24 04:20:00,-2.0,1029.4,332.0,4.9,33.8,DT_0063
2022-02-24 00:29:00,0.6,1028.6,321.0,7.1,33.8,DT_0063
2022-02-24 01:12:00,0.2,1028.8,326.0,7.1,33.8,DT_0063
2022-02-24 02:57:00,-1.8,1029.5,17.0,2.6,33.9,DT_0063
2022-02-24 04:36:00,-1.9,1029.6,343.0,5.8,33.8,DT_0063
2022-02-24 05:45:00,-2.4,1029.7,341.0,7.4,33.8,DT_0063
2022-02-24 06:15:00,-2.2,1029.5,336.0,7.4,33.8,DT_0063
2022-02-24 07:06:00,-2.0,1029.8,329.0,6.7,33.8,DT_0063
2022-02-24 00:07:00,1.0,1028.6,322.0,6.5,33.8,DT_0063
2022-02-24 02:41:00,-1.4,1029.4,336.0,4.1,33.9,DT_0063
2022-02-24 08:07:00,-1.7,1030.2,317.0,7.4,33.8,DT_0063
2022-02-24 01:42:00,-0.6,1029,328.0,7.0,33.9,DT_0063
2022-02-24 02:24:00,-1.0,1029.3,316.0,6.4,33.8,DT_0063
2022-02-24 06:57:00,-1.7,1029.7,327.0,7.5,33.8,DT_0063
2022-02-24 07:20:00,-1.6,1029.9,330.0,6.5,33.8,DT_0063
2022-02-24 05:27:00,-2.2,1029.9,334.0,7.5,33.8,DT_0063
2022-02-24 05:44:00,-2.4,1029.8,337.0,6.8,33.8,DT_0063
2022-02-24 00:24:00,0.8,1028.6,336.0,6.2,33.8,DT_0063
2022-02-24 05:15:00,-2.3,1029.9,320.0,6.1,33.8,DT_0063
2022-02-24 08:18:00,-1.3,1030.2,312.0,8.6,33.9,DT_0063
2022-02-24 03:05:00,-1.8,1029.6,5.0,4.3,33.8,DT_0063
2022-02-24 07:07:00,-2.0,1029.9,335.0,5.8,33.8,DT_0063
2022-02-24 02:22:00,-0.7,1029.3,327.0,5.6,33.9,DT_0063
2022-02-24 07:17:00,-1.9,1030,338.0,6.5,33.8,DT_0063
2022-02-24 08:13:00,-1.6,1030.2,312.0,8.0,33.9,DT_0063
2022-02-24 04:31:00,-2.0,1029.5,357.0,4.2,33.8,DT_0063
2022-02-24 07:27:00,-1.8,1030,306.0,6.5,33.8,DT_0063
2022-02-24 06:34:00,-1.8,1029.4,329.0,7.7,33.8,DT_0063
2022-02-24 07:56:00,-1.3,1030.2,324.0,7.2,33.8,DT_0063
2022-02-24 08:24:00,-1.5,1030.2,300.0,7.9,33.8,DT_0063
2022-02-24 01:09:00,0.1,1028.8,325.0,8.4,33.8,DT_0063
2022-02-24 02:14:00,-0.8,1029.2,309.0,6.4,33.8,DT_0063
2022-02-24 03:32:00,-2.1,1029.5,47.0,2.3,33.8,DT_0063
2022-02-24 05:34:00,-2.5,1029.9,341.0,6.5,33.8,DT_0063
2022-02-24 04:01:00,-2.0,1029.3,313.0,4.9,33.8,DT_0063
2022-02-24 08:11:00,-1.7,1030.2,321.0,8.1,33.9,DT_0063
2022-02-24 05:58:00,-2.4,1029.6,336.0,7.7,33.8,DT_0063
2022-02-24 06:56:00,-1.9,1029.7,324.0,6.7,33.8,DT_0063
2022-02-24 05:43:00,-2.4,1029.7,342.0,7.2,33.8,DT_0063
2022-02-24 00:17:00,0.8,1028.6,324.0,7.3,33.8,DT_0063
2022-02-24 02:11:00,-0.7,1029.2,314.0,7.4,33.8,DT_0063
2022-02-24 06:26:00,-1.9,1029.5,333.0,8.1,33.8,DT_0063
2022-02-24 04:35:00,-1.8,1029.6,339.0,5.8,33.8,DT_0063
2022-02-24 00:58:00,0.2,1028.9,327.0,6.3,33.8,DT_0063
2022-02-24 02:42:00,-1.4,1029.4,358.0,3.8,33.9,DT_0063
2022-02-24 04:27:00,-2.0,1029.6,324.0,4.7,33.8,DT_0063
2022-02-24 04:53:00,-2.1,1029.8,322.0,6.0,33.8,DT_0063
2022-02-24 04:56:00,-2.2,1029.8,324.0,6.4,33.8,DT_0063
2022-02-24 00:50:00,0.5,1028.9,330.0,7.0,33.8,DT_0063
2022-02-24 02:49:00,-1.6,1029.4,345.0,4.1,33.8,DT_0063
2022-02-24 02:53:00,-1.6,1029.5,349.0,5.6,33.8,DT_0063
2022-02-24 06:27:00,-2.0,1029.5,327.0,8.4,33.9,DT_0063
2022-02-24 08:19:00,-1.4,1030.3,314.0,8.3,33.9,DT_0063
2022-02-24 00:35:00,0.8,1028.7,331.0,6.0,33.8,DT_0063
2022-02-24 01:11:00,0.2,1028.8,328.0,7.1,33.8,DT_0063
2022-02-24 05:36:00,-2.4,1029.8,345.0,7.1,33.8,DT_0063
2022-02-24 07:47:00,-2.0,1030.2,332.0,6.4,33.8,DT_0063
2022-02-24 01:29:00,-0.3,1029,321.0,6.8,33.9,DT_0063
2022-02-24 04:00:00,-2.0,1029.3,320.0,5.3,33.8,DT_0063
2022-02-24 04:47:00,-2.3,1029.8,329.0,5.3,33.8,DT_0063
2022-02-24 08:15:00,-1.4,1030.2,313.0,8.4,33.8,DT_0063
2022-02-24 00:28:00,0.7,1028.6,320.0,7.0,33.8,DT_0063
2022-02-24 05:26:00,-2.2,1029.9,334.0,5.7,33.8,DT_0063
2022-02-24 00:57:00,0.4,1028.9,318.0,8.0,33.8,DT_0063
2022-02-24 01:53:00,-0.5,1029.1,330.0,5.9,33.8,DT_0063
2022-02-24 02:01:00,-0.6,1029.1,324.0,6.6,33.8,DT_0063
2022-02-24 02:51:00,-1.6,1029.4,350.0,4.8,33.8,DT_0063
2022-02-24 04:55:00,-2.0,1029.9,322.0,6.5,33.8,DT_0063
2022-02-24 05:37:00,-2.4,1029.9,338.0,7.1,33.8,DT_0063
2022-02-24 05:55:00,-2.1,1029.7,339.0,8.0,33.8,DT_0063
2022-02-24 03:22:00,-1.9,1029.4,351.0,5.1,33.8,DT_0063
2022-02-24 04:19:00,-1.9,1029.4,328.0,5.9,33.8,DT_0063
2022-02-24 06:21:00,-1.9,1029.5,334.0,8.1,33.8,DT_0063
2022-02-24 00:48:00,0.6,1028.7,324.0,8.5,33.8,DT_0063
2022-02-24 02:38:00,-1.2,1029.4,0.0,5.2,33.8,DT_0063
2022-02-24 06:22:00,-1.9,1029.5,335.0,8.0,33.8,DT_0063
2022-02-24 03:19:00,-1.8,1029.4,354.0,5.7,33.8,DT_0063
2022-02-24 08:21:00,-1.5,1030.2,305.0,8.2,33.8,DT_0063
2022-02-24 04:39:00,-2.0,1029.7,342.0,4.8,33.8,DT_0063
2022-02-24 05:04:00,-2.4,1030,336.0,5.3,33.8,DT_0063
2022-02-24 05:20:00,-2.4,1029.9,321.0,7.1,33.8,DT_0063
2022-02-24 06:47:00,-2.1,1029.6,338.0,6.7,33.8,DT_0063
2022-02-24 08:09:00,-1.4,1030.2,324.0,8.3,33.9,DT_0063
2022-02-24 02:08:00,-0.8,1029.2,332.0,5.3,33.8,DT_0063
2022-02-24 04:28:00,-2.0,1029.5,340.0,5.3,33.8,DT_0063
2022-02-24 04:30:00,-2.0,1029.5,349.0,4.5,33.8,DT_0063
2022-02-24 07:41:00,-2.1,1030.1,319.0,7.4,33.8,DT_0063
2022-02-24 06:01:00,-2.0,1029.5,329.0,8.1,33.8,DT_0063
2022-02-24 07:12:00,-2.0,1030,346.0,5.2,33.8,DT_0063
2022-02-24 01:08:00,0.4,1028.8,334.0,8.0,33.8,DT_0063
2022-02-24 03:23:00,-2.0,1029.5,357.0,4.1,33.8,DT_0063
2022-02-24 06:41:00,-1.9,1029.5,326.0,7.9,33.8,DT_0063
2022-02-24 07:40:00,-2.0,1030.1,316.0,8.1,33.8,DT_0063
2022-02-24 00:18:00,0.8,1028.6,323.0,6.5,33.8,DT_0063
2022-02-24 03:31:00,-2.1,1029.5,42.0,2.8,33.8,DT_0063
2022-02-24 01:02:00,0.2,1028.9,324.0,7.8,33.8,DT_0063
2022-02-24 04:51:00,-2.1,1029.9,328.0,5.2,33.8,DT_0063
2022-02-24 07:58:00,-1.1,1030.2,315.0,7.9,33.8,DT_0063
2022-02-24 00:12:00,1.1,1028.6,326.0,7.0,33.8,DT_0063
2022-02-24 01:14:00,0.2,1028.8,321.0,8.0,33.8,DT_0063
2022-02-24 03:06:00,-1.8,1029.5,350.0,5.4,33.8,DT_0063
2022-02-24 04:15:00,-1.9,1029.2,310.0,6.8,33.8,DT_0063
2022-02-24 00:44:00,0.6,1028.7,319.0,6.9,33.8,DT_0063
2022-02-24 01:07:00,0.2,1028.8,326.0,7.3,33.8,DT_0063
2022-02-24 01:52:00,-0.7,1029.1,332.0,5.6,33.8,DT_0063
2022-02-24 05:03:00,-2.3,1030,323.0,6.0,33.8,DT_0063
2022-02-24 08:03:00,-1.4,1030.2,324.0,8.1,33.8,DT_0063
2022-02-24 01:59:00,-0.6,1029.1,333.0,5.6,33.8,DT_0063
2022-02-24 02:17:00,-0.8,1029.3,321.0,6.0,33.8,DT_0063
2022-02-24 02:59:00,-1.8,1029.5,342.0,3.5,33.9,DT_0063
2022-02-24 07:16:00,-1.9,1029.9,341.0,7.8,33.8,DT_0063
2022-02-24 07:44:00,-2.0,1030.1,314.0,7.5,33.8,DT_0063
2022-02-24 03:10:00,-1.8,1029.6,355.0,3.9,33.8,DT_0063
2022-02-24 07:26:00,-1.7,1030,316.0,6.7,33.8,DT_0063
2022-02-24 00:06:00,1.0,1028.6,324.0,5.9,33.8,DT_0063
2022-02-24 06:52:00,-1.9,1029.7,326.0,6.7,33.8,DT_0063
2022-02-24 07:35:00,-1.6,1030.1,324.0,7.0,33.8,DT_0063
2022-02-24 07:46:00,-2.1,1030.1,318.0,7.3,33.8,DT_0063
2022-02-24 08:04:00,-1.5,1030.2,315.0,7.4,33.8,DT_0063
2022-02-24 00:45:00,0.8,1028.8,324.0,7.0,33.8,DT_0063
2022-02-24 01:24:00,-0.2,1028.9,317.0,8.0,33.9,DT_0063
2022-02-24 05:01:00,-2.2,1029.9,327.0,6.4,33.8,DT_0063
2022-02-24 07:11:00,-1.9,1029.9,355.0,5.5,33.8,DT_0063
2022-02-24 07:54:00,-1.5,1030.2,319.0,7.1,33.9,DT_0063
2022-02-24 01:03:00,0.2,1028.9,319.0,8.4,33.8,DT_0063
2022-02-24 01:37:00,-0.5,1029.1,318.0,7.2,33.9,DT_0063
2022-02-24 03:00:00,-1.7,1029.5,7.0,4.0,33.8,DT_0063
2022-02-24 04:38:00,-2.1,1029.6,340.0,5.1,33.8,DT_0063
2022-02-24 06:58:00,-1.7,1029.7,336.0,6.4,33.8,DT_0063
2022-02-24 04:24:00,-2.1,1029.5,341.0,4.8,33.8,DT_0063
2022-02-24 06:04:00,-1.8,1029.6,332.0,8.3,33.8,DT_0063
2022-02-24 01:44:00,-0.4,1029.1,326.0,6.0,33.8,DT_0063
2022-02-24 01:46:00,-0.4,1029,330.0,7.1,33.8,DT_0063
2022-02-24 08:01:00,-1.5,1030.2,315.0,8.0,33.8,DT_0063
2022-02-24 03:15:00,-1.8,1029.4,349.0,4.3,33.8,DT_0063
2022-02-24 04:17:00,-2.0,1029.2,310.0,5.9,33.8,DT_0063
2022-02-24 01:55:00,-0.5,1029.1,326.0,6.7,33.8,DT_0063
2022-02-24 02:33:00,-1.1,1029.4,342.0,5.3,33.9,DT_0063
2022-02-24 03:12:00,-1.9,1029.6,350.0,2.8,33.9,DT_0063
2022-02-24 03:46:00,-2.0,1029.6,339.0,4.9,33.8,DT_0063
2022-02-24 05:40:00,-2.5,1029.8,344.0,7.4,33.8,DT_0063
2022-02-24 00:05:00,1.0,1028.6,330.0,5.6,33.8,DT_0063
2022-02-24 05:49:00,-2.4,1029.7,337.0,7.0,33.8,DT_0063
2022-02-24 07:29:00,-1.9,1030,325.0,6.1,33.8,DT_0063
2022-02-24 02:29:00,-1.1,1029.3,335.0,5.6,33.8,DT_0063
2022-02-24 03:11:00,-1.9,1029.6,357.0,2.6,33.8,DT_0063
2022-02-24 04:05:00,-1.8,1029.4,321.0,5.7,33.8,DT_0063
2022-02-24 05:11:00,-2.3,1030,328.0,6.3,33.8,DT_0063
2022-02-24 05:12:00,-2.3,1030,319.0,6.6,33.8,DT_0063
2022-02-24 05:22:00,-2.2,1030,330.0,6.0,33.8,DT_0063
2022-02-24 06:54:00,-1.7,1029.7,327.0,7.2,33.8,DT_0063
2022-02-24 07:38:00,-1.8,1030.1,317.0,7.7,33.8,DT_0063
2022-02-24 00:00:00,1.2,1028.6,319.0,6.0,33.9,DT_0063
2022-02-24 02:07:00,-0.8,1029.1,322.0,6.2,33.8,DT_0063
2022-02-24 02:47:00,-1.6,1029.4,6.0,2.8,33.8,DT_0063
2022-02-24 05:38:00,-2.5,1029.9,344.0,7.1,33.8,DT_0063
2022-02-24 00:08:00,1.0,1028.6,317.0,6.4,33.8,DT_0063
2022-02-24 01:13:00,0.2,1028.8,329.0,7.2,33.8,DT_0063
2022-02-24 01:21:00,0.0,1028.9,327.0,6.6,33.8,DT_0063
2022-02-24 05:33:00,-2.5,1029.9,340.0,7.2,33.8,DT_0063
2022-02-24 00:46:00,0.6,1028.8,323.0,7.3,33.8,DT_0063
2022-02-24 01:00:00,0.2,1028.9,319.0,7.5,33.8,DT_0063
2022-02-24 03:28:00,-2.2,1029.5,20.0,2.0,33.8,DT_0063
2022-02-24 06:07:00,-1.8,1029.6,328.0,8.1,33.8,DT_0063
2022-02-24 06:29:00,-1.8,1029.4,332.0,7.5,33.8,DT_0063
2022-02-24 02:52:00,-1.6,1029.4,359.0,4.8,33.8,DT_0063
2022-02-24 04:29:00,-2.1,1029.5,320.0,4.5,33.8,DT_0063
2022-02-24 01:10:00,0.1,1028.9,331.0,6.8,33.8,DT_0063
2022-02-24 03:16:00,-1.8,1029.4,349.0,4.6,33.8,DT_0063
2022-02-24 00:59:00,0.2,1028.9,324.0,7.1,33.8,DT_0063
2022-02-24 00:43:00,0.5,1028.7,327.0,6.1,33.8,DT_0063
2022-02-24 01:56:00,-0.4,1029.2,329.0,5.4,33.8,DT_0063
2022-02-24 02:31:00,-1.2,1029.4,333.0,5.3,33.8,DT_0063
2022-02-24 06:20:00,-1.9,1029.5,330.0,8.4,33.8,DT_0063
2022-02-24 07:25:00,-1.7,1030,323.0,6.7,33.8,DT_0063
2022-02-24 08:05:00,-1.5,1030.1,316.0,9.1,33.8,DT_0063
2022-02-24 01:39:00,-0.5,1029,325.0,6.9,33.9,DT_0063
2022-02-24 06:00:00,-2.0,1029.6,325.0,7.7,33.8,DT_0063
2022-02-24 06:17:00,-2.0,1029.5,338.0,8.4,33.8,DT_0063
2022-02-24 00:49:00,0.5,1028.8,326.0,8.0,33.8,DT_0063
2022-02-24 01:49:00,-0.7,1029,330.0,6.7,33.8,DT_0063
2022-02-24 03:27:00,-2.1,1029.5,24.0,2.1,33.8,DT_0063
2022-02-24 05:30:00,-2.4,1029.9,336.0,6.1,33.8,DT_0063
2022-02-24 00:25:00,0.8,1028.7,326.0,5.8,33.8,DT_0063
2022-02-24 04:32:00,-2.0,1029.6,353.0,5.1,33.8,DT_0063
2022-02-24 06:24:00,-1.9,1029.5,337.0,7.7,33.8,DT_0063
2022-02-24 01:25:00,-0.2,1028.9,326.0,7.3,33.9,DT_0063
2022-02-24 05:10:00,-2.3,1030,336.0,5.4,33.8,DT_0063
2022-02-24 07:23:00,-1.8,1029.9,339.0,6.3,33.8,DT_0063
2022-02-24 03:02:00,-1.7,1029.5,349.0,1.9,33.8,DT_0063
2022-02-24 04:33:00,-2.0,1029.6,353.0,4.5,33.8,DT_0063
2022-02-24 06:25:00,-1.8,1029.5,336.0,8.4,33.9,DT_0063
2022-02-24 07:13:00,-2.0,1030,323.0,6.1,33.8,DT_0063
2022-02-24 01:19:00,0.0,1028.8,321.0,6.5,33.9,DT_0063
2022-02-24 01:32:00,-0.3,1029,329.0,6.2,33.8,DT_0063
2022-02-24 01:33:00,-0.2,1029,325.0,6.9,33.9,DT_0063
2022-02-24 06:03:00,-1.9,1029.6,329.0,6.6,33.8,DT_0063
2022-02-24 06:46:00,-2.0,1029.6,329.0,7.3,33.8,DT_0063
2022-02-24 07:19:00,-1.7,1029.9,322.0,7.0,33.8,DT_0063
2022-02-24 00:42:00,0.5,1028.7,322.0,7.2,33.8,DT_0063
2022-02-24 02:37:00,-1.2,1029.4,352.0,4.6,33.8,DT_0063
2022-02-24 03:37:00,-2.0,1029.5,351.0,4.7,33.8,DT_0063
2022-02-24 02:55:00,-1.6,1029.4,18.0,4.1,33.8,DT_0063
2022-02-24 06:35:00,-1.9,1029.4,336.0,7.3,33.8,DT_0063
2022-02-24 06:50:00,-1.9,1029.6,329.0,6.8,33.8,DT_0063
2022-02-24 04:50:00,-2.0,1029.8,330.0,5.4,33.8,DT_0063
2022-02-24 05:48:00,-2.4,1029.7,340.0,7.1,33.8,DT_0063
2022-02-24 05:16:00,-2.4,1029.9,320.0,6.7,33.8,DT_0063
2022-02-24 05:31:00,-2.3,1029.9,336.0,7.0,33.8,DT_0063
2022-02-24 07:02:00,-2.1,1029.8,342.0,5.9,33.8,DT_0063
2022-02-24 01:43:00,-0.4,1029.1,329.0,6.7,33.8,DT_0063
2022-02-24 00:55:00,0.2,1028.9,330.0,6.6,33.8,DT_0063
2022-02-24 04:04:00,-1.9,1029.4,327.0,5.5,33.8,DT_0063
2022-02-24 03:52:00,-2.0,1029.6,349.0,3.8,33.8,DT_0063
2022-02-24 08:12:00,-1.6,1030.2,315.0,8.0,33.9,DT_0063
2022-02-24 03:42:00,-2.0,1029.5,13.0,3.0,33.8,DT_0063
2022-02-24 02:15:00,-0.8,1029.2,320.0,6.5,33.8,DT_0063
2022-02-24 06:53:00,-1.8,1029.7,326.0,7.3,33.8,DT_0063
2022-02-24 01:26:00,-0.1,1029,323.0,6.2,33.8,DT_0063
2022-02-24 02:09:00,-0.7,1029.2,337.0,5.1,33.8,DT_0063
2022-02-24 05:50:00,-2.3,1029.6,340.0,8.2,33.8,DT_0063
2022-02-24 00:21:00,0.8,1028.6,324.0,6.1,33.9,DT_0063
2022-02-24 00:23:00,0.9,1028.6,334.0,6.7,33.9,DT_0063
2022-02-24 02:32:00,-1.1,1029.4,343.0,6.0,33.8,DT_0063
2022-02-24 04:25:00,-2.0,1029.5,341.0,4.7,33.8,DT_0063
2022-02-24 05:05:00,-2.4,1030,335.0,5.6,33.8,DT_0063
2022-02-24 00:37:00,0.6,1028.6,331.0,6.0,33.8,DT_0063
2022-02-24 01:35:00,-0.5,1029,327.0,7.4,33.9,DT_0063
2022-02-24 00:03:00,1.2,1028.6,326.0,6.1,33.8,DT_0063
2022-02-24 06:42:00,-2.0,1029.5,329.0,8.1,33.8,DT_0063
2022-02-24 06:45:00,-2.0,1029.5,324.0,7.9,33.8,DT_0063
2022-02-24 01:06:00,0.2,1028.8,325.0,7.8,33.8,DT_0063
2022-02-24 02:05:00,-0.8,1029.1,339.0,5.5,33.8,DT_0063
2022-02-24 07:49:00,-1.8,1030.2,320.0,7.5,33.8,DT_0063
2022-02-24 02:18:00,-0.8,1029.2,319.0,6.2,33.9,DT_0063
2022-02-24 02:45:00,-1.6,1029.4,2.0,3.7,33.9,DT_0063
2022-02-24 05:41:00,-2.5,1029.8,338.0,6.4,33.8,DT_0063
2022-02-24 03:39:00,-2.0,1029.5,348.0,4.5,33.8,DT_0063
2022-02-24 06:18:00,-2.0,1029.5,339.0,8.6,33.8,DT_0063
2022-02-24 07:04:00,-2.1,1029.8,343.0,6.3,33.9,DT_0063
2022-02-24 07:14:00,-1.9,1030,319.0,6.4,33.8,DT_0063
2022-02-24 02:00:00,-0.6,1029,321.0,6.7,33.8,DT_0063
2022-02-24 00:09:00,1.1,1028.6,330.0,6.8,33.8,DT_0063
2022-02-24 00:32:00,0.7,1028.6,328.0,7.1,33.8,DT_0063
2022-02-24 01:38:00,-0.6,1029.1,323.0,6.4,33.9,DT_0063
2022-02-24 03:26:00,-2.0,1029.5,13.0,2.0,33.8,DT_0063
2022-02-24 07:39:00,-1.9,1030,315.0,8.0,33.8,DT_0063
2022-02-24 04:12:00,-2.1,1029.1,316.0,7.0,33.8,DT_0063
2022-02-24 04:58:00,-2.3,1029.9,323.0,6.0,33.8,DT_0063
2022-02-24 07:32:00,-1.6,1030,327.0,6.8,33.8,DT_0063
2022-02-24 03:53:00,-2.0,1029.5,343.0,3.6,33.8,DT_0063
2022-02-24 06:37:00,-1.9,1029.4,339.0,7.7,33.8,DT_0063
2022-02-24 06:48:00,-2.1,1029.6,329.0,6.4,33.8,DT_0063
2022-02-24 00:01:00,1.2,1028.6,318.0,5.5,33.9,DT_0063
2022-02-24 00:13:00,1.0,1028.6,337.0,6.6,33.8,DT_0063
2022-02-24 02:34:00,-1.0,1029.4,352.0,4.8,33.9,DT_0063
2022-02-24 03:50:00,-2.0,1029.6,355.0,4.3,33.8,DT_0063
2022-02-24 04:45:00,-2.2,1029.8,332.0,5.8,33.8,DT_0063
2022-02-24 00:38:00,0.5,1028.6,323.0,6.2,33.8,DT_0063
2022-02-24 03:33:00,-2.0,1029.5,9.0,2.5,33.8,DT_0063
2022-02-24 05:07:00,-2.4,1030,329.0,5.2,33.8,DT_0063
2022-02-24 04:49:00,-2.0,1029.8,331.0,5.2,33.8,DT_0063
2022-02-24 06:33:00,-1.8,1029.4,329.0,7.8,33.8,DT_0063
2022-02-24 07:21:00,-1.6,1029.9,316.0,6.8,33.8,DT_0063
2022-02-24 02:06:00,-0.8,1029.1,320.0,6.1,33.8,DT_0063
2022-02-24 01:04:00,0.1,1028.9,331.0,7.4,33.8,DT_0063
2022-02-24 07:53:00,-1.7,1030.1,315.0,8.0,33.9,DT_0063
2022-02-24 01:30:00,-0.4,1029,317.0,5.8,33.9,DT_0063
2022-02-24 06:12:00,-2.2,1029.5,336.0,7.8,33.8,DT_0063
2022-02-24 07:24:00,-1.8,1030,337.0,6.6,33.8,DT_0063
2022-02-24 04:07:00,-1.8,1029.3,324.0,5.7,33.8,DT_0063
2022-02-24 01:20:00,0.0,1028.8,326.0,6.8,33.9,DT_0063
2022-02-24 01:22:00,0.2,1028.9,321.0,8.0,33.8,DT_0063
2022-02-24 06:08:00,-2.1,1029.6,338.0,8.0,33.8,DT_0063
2022-02-24 01:34:00,-0.3,1028.9,313.0,8.1,33.9,DT_0063
2022-02-24 01:54:00,-0.5,1029.1,327.0,6.4,33.8,DT_0063
2022-02-24 02:50:00,-1.5,1029.4,344.0,5.0,33.8,DT_0063
2022-02-24 03:13:00,-1.8,1029.5,359.0,3.0,33.8,DT_0063
2022-02-24 03:45:00,-2.1,1029.6,352.0,2.8,33.8,DT_0063
2022-02-24 07:03:00,-2.1,1029.8,352.0,5.9,33.8,DT_0063
2022-02-24 08:23:00,-1.5,1030.3,307.0,7.5,33.9,DT_0063
2022-02-24 03:30:00,-2.1,1029.5,357.0,3.5,33.8,DT_0063
2022-02-24 04:44:00,-2.2,1029.8,342.0,5.4,33.8,DT_0063
2022-02-24 01:27:00,-0.1,1028.9,315.0,7.1,33.8,DT_0063
2022-02-24 01:40:00,-0.5,1029,322.0,6.9,33.9,DT_0063
2022-02-24 03:34:00,-2.0,1029.5,352.0,3.6,33.8,DT_0063
2022-02-24 05:59:00,-2.1,1029.6,331.0,7.0,33.8,DT_0063
2022-02-24 07:08:00,-2.0,1029.8,340.0,6.5,33.8,DT_0063
2022-02-24 07:50:00,-1.8,1030.1,312.0,8.1,33.8,DT_0063
2022-02-24 08:08:00,-1.5,1030.2,325.0,6.6,33.8,DT_0063
2022-02-24 02:36:00,-1.1,1029.4,13.0,4.1,33.8,DT_0063
2022-02-24 03:18:00,-1.8,1029.4,351.0,5.7,33.9,DT_0063
2022-02-24 04:48:00,-2.1,1029.8,335.0,4.4,33.8,DT_0063
2022-02-24 00:04:00,1.1,1028.6,333.0,6.1,33.8,DT_0063
2022-02-24 03:47:00,-1.9,1029.6,354.0,4.8,33.8,DT_0063
2022-02-24 05:39:00,-2.5,1029.9,338.0,7.1,33.8,DT_0063
2022-02-24 03:08:00,-1.8,1029.5,350.0,5.6,33.8,DT_0063
2022-02-24 04:43:00,-2.2,1029.7,348.0,5.5,33.8,DT_0063
2022-02-24 01:18:00,0.0,1028.8,323.0,7.2,33.9,DT_0063
2022-02-24 03:54:00,-1.8,1029.5,348.0,4.1,33.8,DT_0063
2022-02-24 04:02:00,-2.0,1029.3,323.0,5.5,33.8,DT_0063
2022-02-24 05:42:00,-2.4,1029.7,343.0,7.7,33.8,DT_0063
2022-02-24 01:17:00,-0.1,1028.8,329.0,7.0,33.8,DT_0063
2022-02-24 02:26:00,-1.0,1029.3,339.0,6.1,33.8,DT_0063
2022-02-24 03:43:00,-2.1,1029.6,0.0,2.3,33.8,DT_0063
2022-02-24 01:05:00,0.1,1028.9,332.0,7.5,33.8,DT_0063
2022-02-24 02:35:00,-1.0,1029.4,354.0,3.7,33.8,DT_0063
2022-02-24 03:14:00,-1.8,1029.4,358.0,4.2,33.9,DT_0063
2022-02-24 00:02:00,1.2,1028.6,319.0,6.0,33.8,DT_0063
2022-02-24 01:41:00,-0.6,1029,322.0,7.0,33.8,DT_0063
2022-02-24 01:45:00,-0.4,1029,322.0,7.0,33.8,DT_0063
2022-02-24 04:59:00,-2.2,1029.9,330.0,5.1,33.8,DT_0063
2022-02-24 05:52:00,-2.4,1029.7,336.0,7.8,33.8,DT_0063
2022-02-24 08:20:00,-1.5,1030.3,315.0,7.8,33.8,DT_0063
2022-02-24 03:04:00,-1.7,1029.5,356.0,5.0,33.8,DT_0063
2022-02-24 03:38:00,-1.9,1029.5,345.0,4.3,33.8,DT_0063
2022-02-24 03:56:00,-1.9,1029.5,345.0,3.7,33.8,DT_0063
2022-02-24 07:30:00,-1.7,1030,323.0,6.9,33.8,DT_0063
2022-02-24 00:15:00,0.8,1028.6,331.0,6.2,33.8,DT_0063
2022-02-24 00:53:00,0.4,1028.9,327.0,7.6,33.8,DT_0063
2022-02-24 04:52:00,-2.1,1029.9,327.0,5.2,33.8,DT_0063
2022-02-24 06:30:00,-1.8,1029.4,332.0,7.5,33.8,DT_0063
2022-02-24 04:11:00,-2.0,1029,305.0,7.6,33.8,DT_0063
2022-02-24 13:44:00,4.2,1027.1,288.0,4.7,33.6,DT_0063
2022-02-24 14:29:00,5.2,1026.5,278.0,5.1,33.5,DT_0063
2022-02-24 12:42:00,2.8,1028,287.0,6.7,33.3,DT_0063
2022-02-24 15:58:00,7.0,1025.6,248.0,1.3,33.8,DT_0063
2022-02-24 12:56:00,2.9,1027.9,282.0,5.3,33.6,DT_0063
2022-02-24 15:53:00,6.8,1025.6,246.0,0.4,33.8,DT_0063
2022-02-24 14:15:00,4.6,1026.7,279.0,4.6,33.6,DT_0063
2022-02-24 15:47:00,6.2,1025.6,220.0,2.4,33.8,DT_0063
2022-02-24 14:16:00,4.6,1026.8,282.0,3.6,33.5,DT_0063
2022-02-24 14:25:00,5.0,1026.6,278.0,4.6,33.6,DT_0063
2022-02-24 08:44:00,-1.3,1030.4,315.0,6.7,33.8,DT_0063
2022-02-24 10:10:00,-0.3,1030.1,285.0,7.7,33.9,DT_0063
2022-02-24 09:27:00,-1.0,1030.5,286.0,5.9,33.8,DT_0063
2022-02-24 09:31:00,-0.9,1030.5,304.0,6.5,33.8,DT_0063
2022-02-24 09:52:00,-0.6,1030.4,294.0,6.0,33.9,DT_0063
2022-02-24 10:57:00,0.5,1029.9,304.0,4.5,33.8,DT_0063
2022-02-24 11:34:00,1.6,1029.1,295.0,7.4,33.8,DT_0063
2022-02-24 11:50:00,2.0,1028.9,301.0,7.8,33.8,DT_0063
2022-02-24 12:45:00,2.8,1028,276.0,6.2,33.6,DT_0063
2022-02-24 10:06:00,-0.4,1030.3,281.0,5.1,33.9,DT_0063
2022-02-24 09:44:00,-0.7,1030.6,307.0,5.0,33.8,DT_0063
2022-02-24 10:19:00,-0.1,1030.2,280.0,5.9,33.9,DT_0063
2022-02-24 10:40:00,0.1,1030.1,302.0,5.1,33.8,DT_0063
2022-02-24 15:03:00,6.0,1026.1,279.0,1.5,33.6,DT_0063
2022-02-24 15:28:00,5.7,1025.7,278.0,4.0,33.5,DT_0063
2022-02-24 12:03:00,2.3,1028.9,297.0,7.7,33.8,DT_0063
2022-02-24 14:36:00,5.1,1026.4,280.0,4.0,33.6,DT_0063
2022-02-24 15:40:00,6.6,1025.7,243.0,1.6,33.8,DT_0063
2022-02-24 09:29:00,-1.1,1030.6,311.0,5.6,33.8,DT_0063
2022-02-24 10:52:00,0.5,1030,287.0,4.4,33.9,DT_0063
2022-02-24 14:39:00,5.2,1026.3,283.0,5.4,33.5,DT_0063
2022-02-24 15:00:00,5.7,1026.1,270.0,3.3,33.5,DT_0063
2022-02-24 12:20:00,2.4,1028.6,287.0,7.7,33.8,DT_0063
2022-02-24 14:28:00,5.1,1026.6,285.0,2.9,33.5,DT_0063
2022-02-24 16:53:00,6.4,1025.1,185.0,2.4,33.9,DT_0063
2022-02-24 09:23:00,-1.0,1030.7,313.0,4.7,33.8,DT_0063
2022-02-24 13:54:00,4.3,1027,275.0,4.1,33.5,DT_0063
2022-02-24 14:35:00,5.2,1026.4,282.0,5.0,33.5,DT_0063
2022-02-24 09:59:00,-0.6,1030.4,305.0,5.2,33.9,DT_0063
2022-02-24 10:24:00,0.0,1030.2,278.0,4.3,33.8,DT_0063
2022-02-24 15:19:00,5.9,1025.8,288.0,3.7,33.6,DT_0063
2022-02-24 16:07:00,6.8,1025.5,231.0,0.7,33.8,DT_0063
2022-02-24 13:30:00,3.7,1027.3,277.0,4.8,33.5,DT_0063
2022-02-24 09:30:00,-1.0,1030.5,295.0,6.2,33.8,DT_0063
2022-02-24 10:11:00,-0.1,1030.2,298.0,7.1,33.8,DT_0063
2022-02-24 09:43:00,-0.6,1030.6,309.0,5.1,33.9,DT_0063
2022-02-24 10:16:00,-0.1,1030.2,300.0,6.6,33.9,DT_0063
2022-02-24 10:43:00,0.2,1030,296.0,5.3,33.9,DT_0063
2022-02-24 15:09:00,5.8,1026,279.0,3.7,33.5,DT_0063
2022-02-24 12:19:00,2.3,1028.7,280.0,7.0,33.8,DT_0063
2022-02-24 12:36:00,2.6,1028.3,271.0,6.0,33.9,DT_0063
2022-02-24 13:34:00,3.8,1027.3,276.0,4.3,33.6,DT_0063
2022-02-24 15:54:00,7.0,1025.6,236.0,1.2,33.8,DT_0063
2022-02-24 14:02:00,4.3,1026.9,278.0,4.8,33.6,DT_0063
2022-02-24 14:14:00,4.6,1026.8,277.0,3.7,33.5,DT_0063
2022-02-24 11:35:00,1.7,1029.1,298.0,7.0,33.8,DT_0063
2022-02-24 12:58:00,3.0,1027.8,280.0,6.3,33.6,DT_0063
2022-02-24 13:43:00,4.1,1027.2,279.0,4.0,33.6,DT_0063
2022-02-24 09:41:00,-1.0,1030.4,301.0,6.0,33.9,DT_0063
2022-02-24 10:39:00,0.1,1030.1,300.0,5.4,33.8,DT_0063
2022-02-24 12:21:00,2.2,1028.7,282.0,6.6,33.9,DT_0063
2022-02-24 14:56:00,5.3,1026.2,283.0,3.4,33.5,DT_0063
2022-02-24 15:43:00,6.7,1025.6,247.0,2.0,33.8,DT_0063
2022-02-24 09:16:00,-1.1,1030.6,308.0,3.9,33.8,DT_0063
2022-02-24 09:17:00,-1.1,1030.6,301.0,5.1,33.8,DT_0063
2022-02-24 15:02:00,6.0,1026.1,280.0,2.6,33.5,DT_0063
2022-02-24 16:02:00,6.8,1025.6,191.0,1.3,33.8,DT_0063
2022-02-24 16:40:00,6.8,1025.2,188.0,2.4,33.8,DT_0063
2022-02-24 10:42:00,0.2,1030,295.0,5.5,33.9,DT_0063
2022-02-24 11:39:00,1.6,1029.2,294.0,5.9,33.8,DT_0063
2022-02-24 11:43:00,1.8,1029,289.0,7.0,33.8,DT_0063
2022-02-24 12:06:00,2.3,1028.9,278.0,7.6,33.9,DT_0063
2022-02-24 10:12:00,-0.1,1030.3,307.0,5.4,33.9,DT_0063
2022-02-24 14:58:00,5.5,1026.2,283.0,3.4,33.5,DT_0063
2022-02-24 11:21:00,1.3,1029.4,291.0,6.3,33.9,DT_0063
2022-02-24 12:52:00,2.8,1027.8,285.0,7.4,33.6,DT_0063
2022-02-24 14:21:00,5.0,1026.7,272.0,3.8,33.6,DT_0063
2022-02-24 12:55:00,2.9,1027.9,283.0,5.3,33.5,DT_0063
2022-02-24 11:11:00,1.0,1029.6,286.0,5.5,33.9,DT_0063
2022-02-24 14:06:00,4.4,1026.9,274.0,5.0,33.5,DT_0063
2022-02-24 16:50:00,6.4,1025.1,241.0,0.8,33.8,DT_0063
2022-02-24 08:58:00,-1.3,1030.5,312.0,6.5,33.9,DT_0063
2022-02-24 10:23:00,0.0,1030.1,280.0,6.1,33.9,DT_0063
2022-02-24 08:35:00,-1.3,1030.3,305.0,7.0,33.9,DT_0063
2022-02-24 09:51:00,-0.6,1030.4,292.0,6.1,33.9,DT_0063
2022-02-24 10:18:00,-0.1,1030.1,281.0,6.9,33.9,DT_0063
2022-02-24 11:01:00,0.8,1029.7,293.0,6.8,33.8,DT_0063
2022-02-24 15:14:00,5.7,1025.9,281.0,3.3,33.5,DT_0063
2022-02-24 16:01:00,6.7,1025.6,211.0,0.7,33.8,DT_0063
2022-02-24 10:27:00,-0.1,1030.2,282.0,5.2,33.9,DT_0063
2022-02-24 12:59:00,2.9,1027.8,282.0,6.0,33.5,DT_0063
2022-02-24 15:52:00,6.5,1025.6,252.0,0.8,33.8,DT_0063
2022-02-24 13:22:00,3.6,1027.5,271.0,5.2,33.6,DT_0063
2022-02-24 09:35:00,-0.8,1030.5,298.0,5.0,33.8,DT_0063
2022-02-24 13:56:00,4.3,1027,285.0,4.4,33.5,DT_0063
2022-02-24 12:50:00,2.8,1027.8,287.0,7.4,33.8,DT_0063
2022-02-24 10:53:00,0.6,1030,311.0,5.3,33.9,DT_0063
2022-02-24 16:30:00,6.8,1025.3,349.0,0.1,33.8,DT_0063
2022-02-24 09:50:00,-0.4,1030.3,286.0,6.7,33.8,DT_0063
2022-02-24 11:00:00,0.6,1029.8,292.0,4.3,33.8,DT_0063
2022-02-24 11:45:00,1.9,1029,297.0,5.9,33.8,DT_0063
2022-02-24 15:26:00,5.7,1025.8,277.0,3.4,33.6,DT_0063
2022-02-24 15:48:00,6.1,1025.6,224.0,2.2,33.8,DT_0063
2022-02-24 16:52:00,6.6,1025.1,163.0,2.3,33.9,DT_0063
2022-02-24 08:52:00,-1.1,1030.5,311.0,5.8,33.9,DT_0063
2022-02-24 10:51:00,0.4,1030,292.0,4.6,33.9,DT_0063
2022-02-24 12:05:00,2.2,1028.8,293.0,7.8,33.9,DT_0063
2022-02-24 08:55:00,-1.1,1030.4,301.0,7.4,33.8,DT_0063
2022-02-24 14:43:00,5.3,1026.4,270.0,4.5,33.5,DT_0063
2022-02-24 15:18:00,5.8,1025.9,287.0,2.7,33.5,DT_0063
2022-02-24 16:26:00,7.2,1025.3,186.0,1.5,33.8,DT_0063
2022-02-24 13:17:00,3.3,1027.7,276.0,4.2,33.5,DT_0063
2022-02-24 15:31:00,6.2,1025.8,263.0,2.4,33.5,DT_0063
2022-02-24 15:23:00,5.8,1025.8,279.0,3.6,33.5,DT_0063
2022-02-24 11:36:00,1.6,1029.1,289.0,7.3,33.8,DT_0063
2022-02-24 12:43:00,2.8,1028,280.0,7.1,33.5,DT_0063
2022-02-24 10:37:00,0.2,1030,280.0,6.6,33.9,DT_0063
2022-02-24 11:12:00,1.1,1029.6,294.0,4.8,33.9,DT_0063
2022-02-24 14:48:00,5.2,1026.4,283.0,3.0,33.6,DT_0063
2022-02-24 16:04:00,6.8,1025.5,192.0,1.4,33.9,DT_0063
2022-02-24 12:30:00,2.6,1028.4,281.0,6.8,33.9,DT_0063
2022-02-24 15:36:00,6.8,1025.7,268.0,1.8,0,DT_0063
2022-02-24 15:24:00,5.8,1025.8,278.0,3.0,33.5,DT_0063
2022-02-24 14:19:00,4.8,1026.7,278.0,4.3,33.6,DT_0063
2022-02-24 11:23:00,1.5,1029.4,291.0,5.3,33.9,DT_0063
2022-02-24 16:17:00,6.9,1025.4,171.0,0.6,33.9,DT_0063
2022-02-24 10:05:00,-0.6,1030.2,291.0,6.7,33.9,DT_0063
2022-02-24 14:44:00,5.3,1026.4,273.0,4.1,33.5,DT_0063
2022-02-24 16:31:00,7.0,1025.3,116.0,0.1,33.9,DT_0063
2022-02-24 15:59:00,6.9,1025.6,241.0,2.5,33.8,DT_0063
2022-02-24 08:38:00,-1.2,1030.4,308.0,6.8,33.9,DT_0063
2022-02-24 10:26:00,0.1,1030.1,290.0,5.7,33.9,DT_0063
2022-02-24 10:47:00,0.4,1030,290.0,5.9,33.8,DT_0063
2022-02-24 13:19:00,3.4,1027.7,281.0,3.0,33.6,DT_0063
2022-02-24 14:18:00,4.8,1026.7,276.0,4.2,33.5,DT_0063
2022-02-24 08:41:00,-1.2,1030.4,310.0,6.9,33.8,DT_0063
2022-02-24 09:20:00,-1.1,1030.5,296.0,6.1,33.8,DT_0063
2022-02-24 11:04:00,1.0,1029.8,281.0,6.0,33.9,DT_0063
2022-02-24 13:53:00,4.2,1027.1,278.0,3.7,33.5,DT_0063
2022-02-24 13:59:00,4.4,1026.9,280.0,4.9,33.5,DT_0063
2022-02-24 14:45:00,5.2,1026.4,274.0,3.6,33.5,DT_0063
2022-02-24 14:57:00,5.4,1026.2,296.0,3.5,33.6,DT_0063
2022-02-24 09:14:00,-1.0,1030.6,326.0,5.1,33.8,DT_0063
2022-02-24 10:13:00,-0.2,1030.3,303.0,6.0,33.8,DT_0063
2022-02-24 15:11:00,5.7,1026,274.0,2.6,33.5,DT_0063
2022-02-24 15:13:00,5.7,1025.9,277.0,3.9,33.5,DT_0063
2022-02-24 08:43:00,-1.3,1030.4,318.0,7.5,33.8,DT_0063
2022-02-24 10:01:00,-0.5,1030.3,281.0,6.8,33.9,DT_0063
2022-02-24 10:03:00,-0.4,1030.2,286.0,7.5,33.8,DT_0063
2022-02-24 11:46:00,1.9,1029,286.0,7.0,33.8,DT_0063
2022-02-24 12:44:00,2.8,1027.9,284.0,7.7,33.5,DT_0063
2022-02-24 13:26:00,3.8,1027.5,276.0,4.1,33.6,DT_0063
2022-02-24 14:23:00,5.0,1026.7,277.0,2.8,33.6,DT_0063
2022-02-24 15:20:00,5.8,1025.9,278.0,3.2,33.5,DT_0063
2022-02-24 13:48:00,4.5,1027.1,277.0,3.6,33.5,DT_0063
2022-02-24 16:16:00,7.0,1025.4,156.0,0.6,33.8,DT_0063
2022-02-24 08:34:00,-1.2,1030.4,309.0,6.4,33.9,DT_0063
2022-02-24 09:48:00,-0.7,1030.4,290.0,6.3,33.8,DT_0063
2022-02-24 15:15:00,5.7,1025.9,280.0,4.5,33.6,DT_0063
2022-02-24 16:21:00,7.4,1025.3,259.0,0.5,33.8,DT_0063
2022-02-24 10:36:00,0.2,1030,283.0,5.8,33.9,DT_0063
2022-02-24 13:33:00,3.8,1027.3,274.0,5.1,33.6,DT_0063
2022-02-24 16:49:00,6.4,1025.1,206.0,3.5,33.8,DT_0063
2022-02-24 09:45:00,-0.8,1030.4,303.0,6.3,33.9,DT_0063
2022-02-24 13:41:00,4.1,1027.2,282.0,4.9,33.6,DT_0063
2022-02-24 14:12:00,4.7,1026.8,279.0,5.7,33.5,DT_0063
2022-02-24 09:24:00,-1.0,1030.7,311.0,3.9,33.8,DT_0063
2022-02-24 10:04:00,-0.5,1030.3,280.0,4.9,33.8,DT_0063
2022-02-24 16:51:00,6.5,1025.1,195.0,2.0,33.9,DT_0063
2022-02-24 11:32:00,1.7,1029.2,296.0,7.1,33.9,DT_0063
2022-02-24 12:02:00,2.2,1028.9,294.0,7.5,33.8,DT_0063
2022-02-24 10:07:00,-0.4,1030.3,295.0,5.7,33.9,DT_0063
2022-02-24 10:59:00,0.6,1029.9,305.0,4.0,33.9,DT_0063
2022-02-24 15:07:00,5.9,1026.1,289.0,3.2,33.5,DT_0063
2022-02-24 15:22:00,5.9,1025.8,286.0,3.9,33.5,DT_0063
2022-02-24 11:54:00,2.1,1028.9,284.0,7.4,33.8,DT_0063
2022-02-24 13:10:00,3.3,1027.7,275.0,5.4,33.5,DT_0063
2022-02-24 13:28:00,3.8,1027.4,275.0,5.1,33.5,DT_0063
2022-02-24 13:40:00,4.1,1027.3,281.0,3.1,33.6,DT_0063
2022-02-24 14:59:00,5.6,1026.2,282.0,3.0,33.5,DT_0063
2022-02-24 09:10:00,-1.0,1030.6,309.0,5.9,33.8,DT_0063
2022-02-24 13:23:00,3.6,1027.5,276.0,4.9,33.6,DT_0063
2022-02-24 15:17:00,5.7,1025.9,269.0,2.5,33.5,DT_0063
2022-02-24 09:06:00,-1.0,1030.6,320.0,5.3,33.8,DT_0063
2022-02-24 12:13:00,2.5,1028.8,295.0,6.5,33.9,DT_0063
2022-02-24 13:03:00,3.0,1027.8,281.0,5.6,33.6,DT_0063
2022-02-24 13:09:00,3.3,1027.8,277.0,4.8,33.6,DT_0063
2022-02-24 14:09:00,4.5,1026.8,284.0,4.4,33.6,DT_0063
2022-02-24 14:24:00,5.1,1026.6,279.0,4.9,33.5,DT_0063
2022-02-24 15:55:00,7.0,1025.6,213.0,0.7,33.8,DT_0063
2022-02-24 09:03:00,-1.0,1030.6,301.0,5.4,33.9,DT_0063
2022-02-24 09:07:00,-0.7,1030.6,313.0,5.5,33.8,DT_0063
2022-02-24 12:40:00,2.6,1028.1,276.0,6.2,0,DT_0063
2022-02-24 16:22:00,7.4,1025.3,209.0,0.6,33.8,DT_0063
2022-02-24 10:32:00,0.1,1030,281.0,6.1,33.8,DT_0063
2022-02-24 10:22:00,0.0,1030.2,287.0,5.7,33.9,DT_0063
2022-02-24 14:31:00,5.0,1026.5,279.0,4.2,33.5,DT_0063
2022-02-24 15:16:00,5.7,1025.9,282.0,3.6,33.5,DT_0063
2022-02-24 16:27:00,7.1,1025.3,218.0,0.8,33.9,DT_0063
2022-02-24 11:38:00,1.7,1029.2,305.0,6.2,33.8,DT_0063
2022-02-24 10:54:00,0.6,1029.9,298.0,5.2,33.9,DT_0063
2022-02-24 12:25:00,2.3,1028.6,277.0,6.3,33.8,DT_0063
2022-02-24 13:02:00,2.9,1027.8,280.0,6.1,33.6,DT_0063
2022-02-24 08:57:00,-1.3,1030.5,296.0,6.1,33.9,DT_0063
2022-02-24 16:44:00,6.6,1025.1,118.0,1.1,33.8,DT_0063
2022-02-24 08:54:00,-1.0,1030.4,301.0,7.2,33.8,DT_0063
2022-02-24 10:17:00,-0.2,1030.1,281.0,7.5,33.9,DT_0063
2022-02-24 15:27:00,5.7,1025.8,290.0,3.7,33.3,DT_0063
2022-02-24 15:39:00,6.7,1025.7,247.0,2.3,33.8,DT_0063
2022-02-24 09:37:00,-0.8,1030.3,292.0,7.0,33.9,DT_0063
2022-02-24 12:01:00,2.1,1028.9,283.0,7.4,33.8,DT_0063
2022-02-24 13:31:00,3.7,1027.4,275.0,4.2,33.5,DT_0063
2022-02-24 08:36:00,-1.3,1030.3,305.0,6.5,33.9,DT_0063
2022-02-24 13:01:00,3.0,1027.8,281.0,6.1,33.5,DT_0063
2022-02-24 13:08:00,3.1,1027.8,273.0,4.5,33.5,DT_0063
2022-02-24 14:37:00,5.2,1026.4,274.0,4.2,33.5,DT_0063
2022-02-24 14:50:00,5.2,1026.3,279.0,3.1,33.5,DT_0063
2022-02-24 15:29:00,5.8,1025.8,278.0,2.4,33.5,DT_0063
2022-02-24 08:46:00,-1.2,1030.3,305.0,7.3,33.8,DT_0063
2022-02-24 11:29:00,1.7,1029.3,286.0,5.7,33.9,DT_0063
2022-02-24 11:57:00,2.0,1028.9,293.0,7.6,33.9,DT_0063
2022-02-24 13:45:00,4.2,1027.1,272.0,3.9,33.5,DT_0063
2022-02-24 09:28:00,-1.1,1030.6,305.0,5.4,33.8,DT_0063
2022-02-24 10:38:00,0.2,1030,289.0,5.7,33.9,DT_0063
2022-02-24 11:18:00,1.3,1029.4,280.0,7.3,33.8,DT_0063
2022-02-24 11:27:00,1.5,1029.4,281.0,5.5,33.9,DT_0063
2022-02-24 09:38:00,-0.7,1030.4,299.0,5.9,33.9,DT_0063
2022-02-24 09:49:00,-0.5,1030.4,285.0,5.8,33.9,DT_0063
2022-02-24 10:49:00,0.3,1030,285.0,5.5,33.9,DT_0063
2022-02-24 11:59:00,2.1,1028.9,287.0,7.9,33.9,DT_0063
2022-02-24 11:31:00,1.9,1029.2,286.0,7.8,33.9,DT_0063
2022-02-24 09:33:00,-0.8,1030.4,285.0,6.5,33.8,DT_0063
2022-02-24 12:35:00,2.5,1028.3,274.0,5.2,33.9,DT_0063
2022-02-24 14:13:00,4.6,1026.7,284.0,4.7,33.6,DT_0063
2022-02-24 14:38:00,5.2,1026.4,279.0,4.9,33.6,DT_0063
2022-02-24 16:37:00,7.5,1025.2,202.0,1.5,33.8,DT_0063
2022-02-24 09:46:00,-0.9,1030.4,294.0,5.8,33.9,DT_0063
2022-02-24 08:27:00,-1.4,1030.4,309.0,7.8,33.8,DT_0063
2022-02-24 16:12:00,7.0,1025.4,169.0,0.8,33.8,DT_0063
2022-02-24 08:28:00,-1.4,1030.4,306.0,7.3,33.8,DT_0063
2022-02-24 11:47:00,2.0,1029,284.0,7.0,33.9,DT_0063
2022-02-24 12:24:00,2.3,1028.7,278.0,5.3,33.8,DT_0063
2022-02-24 12:33:00,2.4,1028.3,287.0,6.3,33.8,DT_0063
2022-02-24 13:47:00,4.4,1027.1,274.0,3.3,33.5,DT_0063
2022-02-24 14:49:00,5.2,1026.3,279.0,3.6,33.5,DT_0063
2022-02-24 15:08:00,5.8,1026,285.0,3.7,33.5,DT_0063
2022-02-24 15:21:00,5.8,1025.9,282.0,3.0,33.5,DT_0063
2022-02-24 11:10:00,1.0,1029.7,300.0,4.3,33.9,DT_0063
2022-02-24 14:51:00,5.2,1026.3,280.0,2.9,33.5,DT_0063
2022-02-24 16:33:00,7.4,1025.2,196.0,0.2,33.9,DT_0063
2022-02-24 14:47:00,5.2,1026.4,275.0,4.3,33.5,DT_0063
2022-02-24 08:48:00,-1.1,1030.4,313.0,6.5,33.8,DT_0063
2022-02-24 11:56:00,1.9,1028.9,287.0,7.3,33.9,DT_0063
2022-02-24 15:04:00,6.1,1026.1,282.0,3.8,33.6,DT_0063
2022-02-24 09:09:00,-1.0,1030.6,302.0,5.8,33.8,DT_0063
2022-02-24 10:20:00,-0.2,1030.2,284.0,5.6,33.9,DT_0063
2022-02-24 11:52:00,2.0,1028.9,288.0,7.7,33.8,DT_0063
2022-02-24 12:07:00,2.3,1028.8,290.0,7.6,33.9,DT_0063
2022-02-24 12:46:00,2.7,1028,278.0,7.1,33.4,DT_0063
2022-02-24 13:07:00,3.1,1027.7,279.0,6.7,33.6,DT_0063
2022-02-24 13:11:00,3.2,1027.7,280.0,5.3,33.5,DT_0063
2022-02-24 12:47:00,2.7,1028,277.0,6.1,34,DT_0063
2022-02-24 12:14:00,2.6,1028.7,286.0,7.9,33.9,DT_0063
2022-02-24 12:22:00,2.3,1028.7,277.0,6.0,33.9,DT_0063
2022-02-24 12:48:00,2.7,1027.9,276.0,6.9,33.8,DT_0063
2022-02-24 09:08:00,-0.8,1030.6,308.0,4.4,33.8,DT_0063
2022-02-24 13:36:00,4.0,1027.3,281.0,4.6,33.5,DT_0063
2022-02-24 10:44:00,0.2,1030.1,301.0,4.8,33.9,DT_0063
2022-02-24 15:45:00,6.3,1025.6,227.0,2.5,33.8,DT_0063
2022-02-24 14:27:00,5.0,1026.6,277.0,3.0,33.5,DT_0063
2022-02-24 16:29:00,7.0,1025.3,327.0,0.5,33.8,DT_0063
2022-02-24 11:58:00,2.1,1028.9,294.0,7.1,33.9,DT_0063
2022-02-24 14:42:00,5.3,1026.4,278.0,4.3,33.5,DT_0063
2022-02-24 11:16:00,1.2,1029.5,286.0,6.4,33.8,DT_0063
2022-02-24 12:41:00,2.6,1028.1,278.0,6.8,8.9,DT_0063
2022-02-24 13:32:00,3.8,1027.3,277.0,4.4,33.6,DT_0063
2022-02-24 14:54:00,5.2,1026.2,289.0,3.6,33.5,DT_0063
2022-02-24 15:01:00,5.8,1026.1,267.0,2.0,33.6,DT_0063
2022-02-24 11:02:00,0.8,1029.8,283.0,5.2,33.9,DT_0063
2022-02-24 11:51:00,2.0,1029,300.0,6.8,33.8,DT_0063
2022-02-24 08:32:00,-1.6,1030.3,306.0,7.5,33.9,DT_0063
2022-02-24 10:33:00,0.0,1030,280.0,6.9,33.9,DT_0063
2022-02-24 13:37:00,4.0,1027.3,274.0,3.8,33.5,DT_0063
2022-02-24 14:32:00,5.2,1026.5,283.0,3.4,33.6,DT_0063
2022-02-24 09:34:00,-0.8,1030.4,289.0,6.4,33.8,DT_0063
2022-02-24 10:00:00,-0.6,1030.4,293.0,5.0,33.8,DT_0063
2022-02-24 10:41:00,0.3,1030,290.0,5.8,33.9,DT_0063
2022-02-24 12:08:00,2.4,1028.9,286.0,7.3,33.8,DT_0063
2022-02-24 15:30:00,6.0,1025.8,268.0,1.7,33.6,DT_0063
2022-02-24 08:45:00,-1.2,1030.3,309.0,8.0,33.8,DT_0063
2022-02-24 09:55:00,-0.6,1030.3,285.0,7.1,33.8,DT_0063
2022-02-24 10:25:00,0.0,1030.2,288.0,5.2,33.9,DT_0063
2022-02-24 12:11:00,2.6,1028.8,304.0,7.8,33.8,DT_0063
2022-02-24 16:55:00,6.3,1025.1,174.0,3.1,33.8,DT_0063
2022-02-24 09:53:00,-0.7,1030.5,302.0,5.4,33.9,DT_0063
2022-02-24 11:17:00,1.3,1029.4,290.0,6.7,33.8,DT_0063
2022-02-24 12:12:00,2.6,1028.8,303.0,7.2,33.9,DT_0063
2022-02-24 12:28:00,3.0,1028.6,275.0,4.6,33.8,DT_0063
2022-02-24 13:21:00,3.6,1027.6,284.0,4.4,33.6,DT_0063
2022-02-24 15:32:00,6.3,1025.8,275.0,1.2,33.5,DT_0063
2022-02-24 08:39:00,-1.3,1030.3,306.0,6.8,33.9,DT_0063
2022-02-24 08:49:00,-1.0,1030.4,315.0,6.4,33.8,DT_0063
2022-02-24 15:25:00,5.7,1025.8,282.0,3.1,33.5,DT_0063
2022-02-24 10:58:00,0.5,1029.9,303.0,4.0,33.8,DT_0063
2022-02-24 16:13:00,6.9,1025.4,156.0,0.5,33.8,DT_0063
2022-02-24 10:30:00,0.1,1030.2,292.0,4.4,33.8,DT_0063
2022-02-24 11:55:00,2.1,1028.9,291.0,8.0,33.8,DT_0063
2022-02-24 08:31:00,-1.6,1030.4,308.0,7.6,33.9,DT_0063
2022-02-24 09:05:00,-1.0,1030.6,303.0,5.1,33.8,DT_0063
2022-02-24 11:41:00,1.6,1029.1,298.0,6.0,33.9,DT_0063
2022-02-24 13:55:00,4.3,1027,279.0,3.9,33.5,DT_0063
2022-02-24 15:34:00,6.4,1025.8,271.0,0.6,33.5,DT_0063
2022-02-24 16:45:00,6.6,1025.1,176.0,1.0,33.8,DT_0063
2022-02-24 09:12:00,-1.0,1030.6,306.0,5.5,33.9,DT_0063
2022-02-24 12:31:00,2.5,1028.3,282.0,7.0,33.9,DT_0063
2022-02-24 14:07:00,4.4,1026.9,272.0,4.2,33.6,DT_0063
2022-02-24 16:10:00,6.8,1025.4,218.0,0.2,33.8,DT_0063
2022-02-24 11:20:00,1.3,1029.4,287.0,6.1,33.9,DT_0063
2022-02-24 12:26:00,2.3,1028.6,272.0,5.4,33.8,DT_0063
2022-02-24 13:58:00,4.3,1027,280.0,3.3,33.4,DT_0063
2022-02-24 14:08:00,4.5,1026.8,284.0,4.7,33.5,DT_0063
2022-02-24 15:05:00,6.1,1026.1,285.0,3.0,33.6,DT_0063
2022-02-24 16:11:00,7.0,1025.4,182.0,1.0,33.8,DT_0063
2022-02-24 09:00:00,-1.1,1030.5,319.0,6.6,33.9,DT_0063
2022-02-24 10:02:00,-0.4,1030.3,294.0,6.5,33.8,DT_0063
2022-02-24 10:21:00,-0.1,1030.2,300.0,5.2,33.9,DT_0063
2022-02-24 11:14:00,1.2,1029.6,289.0,5.0,33.8,DT_0063
2022-02-24 11:42:00,1.6,1028.9,282.0,8.4,33.9,DT_0063
2022-02-24 12:10:00,2.6,1028.8,298.0,7.9,33.8,DT_0063
2022-02-24 09:40:00,-0.9,1030.5,297.0,5.3,33.8,DT_0063
2022-02-24 11:24:00,1.6,1029.4,292.0,6.1,33.8,DT_0063
2022-02-24 13:39:00,4.1,1027.3,288.0,3.3,33.6,DT_0063
2022-02-24 14:11:00,4.6,1026.9,279.0,2.4,33.5,DT_0063
2022-02-24 16:03:00,6.9,1025.6,173.0,1.4,33.8,DT_0063
2022-02-24 16:34:00,7.5,1025.2,161.0,0.1,33.9,DT_0063
2022-02-24 09:13:00,-1.0,1030.6,321.0,5.0,33.9,DT_0063
2022-02-24 10:08:00,-0.3,1030.2,298.0,6.9,33.9,DT_0063
2022-02-24 11:48:00,2.1,1029,280.0,7.4,33.8,DT_0063
2022-02-24 13:46:00,4.3,1027.2,267.0,3.6,33.5,DT_0063
2022-02-24 14:03:00,4.3,1026.9,281.0,4.8,33.5,DT_0063
2022-02-24 11:06:00,0.9,1029.8,281.0,5.3,33.8,DT_0063
2022-02-24 16:24:00,7.3,1025.3,180.0,0.5,33.9,DT_0063
2022-02-24 08:47:00,-1.2,1030.4,308.0,6.6,33.8,DT_0063
2022-02-24 12:04:00,2.2,1028.8,292.0,8.6,33.9,DT_0063
2022-02-24 16:25:00,7.3,1025.3,167.0,1.3,33.8,DT_0063
2022-02-24 08:50:00,-1.0,1030.4,316.0,7.4,33.8,DT_0063
2022-02-24 12:15:00,2.5,1028.7,277.0,6.5,33.9,DT_0063
2022-02-24 12:16:00,2.4,1028.8,275.0,6.1,33.8,DT_0063
2022-02-24 12:34:00,2.5,1028.3,282.0,6.4,33.9,DT_0063
2022-02-24 14:01:00,4.3,1026.9,282.0,4.9,33.5,DT_0063
2022-02-24 10:55:00,0.6,1029.9,302.0,6.0,33.9,DT_0063
2022-02-24 15:49:00,6.2,1025.6,230.0,2.5,33.8,DT_0063
2022-02-24 10:35:00,0.0,1030.1,274.0,4.8,33.9,DT_0063
2022-02-24 11:49:00,2.0,1028.9,295.0,7.5,33.9,DT_0063
2022-02-24 09:01:00,-1.0,1030.6,315.0,6.0,33.9,DT_0063
2022-02-24 14:33:00,5.2,1026.5,271.0,4.5,33.5,DT_0063
2022-02-24 16:23:00,7.4,1025.3,197.0,0.8,33.8,DT_0063
2022-02-24 08:29:00,-1.4,1030.4,309.0,8.1,33.8,DT_0063
2022-02-24 09:19:00,-1.1,1030.6,305.0,5.8,33.8,DT_0063
2022-02-24 15:56:00,7.1,1025.6,269.0,1.3,33.8,DT_0063
2022-02-24 09:47:00,-0.8,1030.4,294.0,5.3,33.9,DT_0063
2022-02-24 09:57:00,-0.6,1030.4,301.0,6.0,33.8,DT_0063
2022-02-24 13:25:00,3.8,1027.5,269.0,4.2,33.6,DT_0063
2022-02-24 14:26:00,5.0,1026.6,272.0,3.5,33.5,DT_0063
2022-02-24 15:42:00,6.7,1025.6,246.0,1.6,33.8,DT_0063
2022-02-24 16:43:00,6.6,1025.1,118.0,1.4,33.8,DT_0063
2022-02-24 15:51:00,6.3,1025.6,245.0,0.9,33.8,DT_0063
2022-02-24 16:42:00,6.6,1025.1,192.0,1.7,33.8,DT_0063
2022-02-24 11:26:00,1.5,1029.4,278.0,5.7,33.8,DT_0063
2022-02-24 14:00:00,4.4,1026.8,280.0,6.0,33.6,DT_0063
2022-02-24 11:28:00,1.6,1029.3,284.0,5.9,33.9,DT_0063
2022-02-24 08:56:00,-1.2,1030.6,312.0,6.1,33.8,DT_0063
2022-02-24 10:46:00,0.4,1030.1,287.0,4.2,33.9,DT_0063
2022-02-24 16:06:00,6.7,1025.5,176.0,0.8,33.8,DT_0063
2022-02-24 12:37:00,2.6,1028.2,285.0,5.8,33.8,DT_0063
2022-02-24 13:20:00,3.6,1027.6,283.0,3.4,33.5,DT_0063
2022-02-24 08:30:00,-1.6,1030.4,306.0,7.3,33.9,DT_0063
2022-02-24 10:29:00,-0.1,1030.1,284.0,6.0,33.8,DT_0063
2022-02-24 13:04:00,3.0,1027.8,277.0,6.0,33.6,DT_0063
2022-02-24 13:24:00,3.6,1027.5,273.0,4.8,33.6,DT_0063
2022-02-24 16:14:00,6.8,1025.4,177.0,0.1,33.8,DT_0063
2022-02-24 09:42:00,-0.9,1030.5,304.0,5.0,33.9,DT_0063
2022-02-24 11:07:00,1.0,1029.7,286.0,5.8,33.9,DT_0063
2022-02-24 11:08:00,1.1,1029.7,283.0,5.7,33.9,DT_0063
2022-02-24 12:32:00,2.5,1028.3,286.0,7.8,33.9,DT_0063
2022-02-24 15:35:00,6.6,1025.7,273.0,0.9,14.1,DT_0063
2022-02-24 16:48:00,6.5,1025.1,193.0,2.4,33.9,DT_0063
2022-02-24 09:25:00,-1.0,1030.5,304.0,6.2,33.8,DT_0063
2022-02-24 10:14:00,-0.2,1030.3,298.0,5.7,33.9,DT_0063
2022-02-24 10:50:00,0.4,1030.1,296.0,4.3,33.8,DT_0063
2022-02-24 13:38:00,4.1,1027.2,280.0,4.6,33.5,DT_0063
2022-02-24 13:16:00,3.3,1027.7,276.0,4.5,33.5,DT_0063
2022-02-24 14:52:00,5.2,1026.3,281.0,2.9,33.5,DT_0063
2022-02-24 09:36:00,-0.8,1030.5,290.0,5.3,33.8,DT_0063
2022-02-24 09:54:00,-0.7,1030.4,300.0,5.8,33.9,DT_0063
2022-02-24 16:46:00,6.6,1025.1,183.0,2.6,33.8,DT_0063
2022-02-24 09:56:00,-0.6,1030.4,281.0,5.9,33.8,DT_0063
2022-02-24 16:00:00,6.8,1025.6,243.0,1.8,33.8,DT_0063
2022-02-24 09:22:00,-1.0,1030.6,313.0,5.8,33.8,DT_0063
2022-02-24 14:04:00,4.4,1026.9,281.0,4.5,33.5,DT_0063
2022-02-24 10:48:00,0.3,1030,285.0,5.6,33.8,DT_0063
2022-02-24 11:15:00,1.2,1029.6,290.0,4.8,33.8,DT_0063
2022-02-24 13:50:00,4.4,1027.1,271.0,4.5,33.6,DT_0063
2022-02-24 16:54:00,6.4,1025.1,170.0,2.1,33.8,DT_0063
2022-02-24 10:28:00,-0.1,1030.1,285.0,5.8,33.9,DT_0063
2022-02-24 14:46:00,5.2,1026.4,278.0,3.9,33.4,DT_0063
2022-02-24 11:33:00,1.6,1029.1,295.0,7.4,33.9,DT_0063
2022-02-24 13:52:00,4.2,1027.1,279.0,4.0,33.6,DT_0063
2022-02-24 08:40:00,-1.2,1030.3,302.0,7.3,33.9,DT_0063
2022-02-24 11:13:00,1.1,1029.6,294.0,5.5,33.9,DT_0063
2022-02-24 12:17:00,2.4,1028.7,279.0,7.4,33.8,DT_0063
2022-02-24 13:12:00,3.2,1027.7,282.0,3.5,33.5,DT_0063
2022-02-24 13:29:00,3.7,1027.4,275.0,4.4,33.5,DT_0063
2022-02-24 09:21:00,-1.1,1030.6,300.0,5.8,33.8,DT_0063
2022-02-24 13:42:00,4.1,1027.2,279.0,4.2,33.6,DT_0063
2022-02-24 14:34:00,5.2,1026.5,271.0,4.6,33.6,DT_0063
2022-02-24 12:38:00,2.7,1028.2,279.0,6.2,2.5,DT_0063
2022-02-24 09:04:00,-1.0,1030.5,302.0,5.8,33.8,DT_0063
2022-02-24 11:37:00,1.7,1029.1,297.0,7.3,33.8,DT_0063
2022-02-24 08:33:00,-1.4,1030.4,315.0,7.3,33.9,DT_0063
2022-02-24 13:00:00,3.0,1027.8,277.0,6.8,33.6,DT_0063
2022-02-24 14:10:00,4.5,1026.9,281.0,3.5,33.5,DT_0063
2022-02-24 12:18:00,2.4,1028.7,283.0,7.4,33.8,DT_0063
2022-02-24 14:05:00,4.4,1026.9,274.0,4.9,33.6,DT_0063
2022-02-24 15:50:00,6.2,1025.6,242.0,1.7,33.8,DT_0063
2022-02-24 16:28:00,7.1,1025.3,315.0,0.8,33.8,DT_0063
2022-02-24 08:53:00,-1.0,1030.5,311.0,6.4,33.8,DT_0063
2022-02-24 12:09:00,2.4,1028.9,287.0,6.1,33.8,DT_0063
2022-02-24 13:14:00,3.5,1027.7,270.0,3.8,33.5,DT_0063
2022-02-24 16:35:00,7.5,1025.2,150.0,0.1,33.8,DT_0063
2022-02-24 16:47:00,6.6,1025.1,188.0,3.1,33.9,DT_0063
2022-02-24 10:56:00,0.5,1029.9,300.0,5.4,33.9,DT_0063
2022-02-24 12:23:00,2.3,1028.7,276.0,5.4,33.9,DT_0063
2022-02-24 12:39:00,2.6,1028.2,274.0,6.1,0,DT_0063
2022-02-24 15:12:00,5.7,1026,278.0,3.8,33.5,DT_0063
2022-02-24 16:20:00,7.3,1025.3,198.0,0.6,33.8,DT_0063
2022-02-24 13:13:00,3.3,1027.7,271.0,4.4,33.5,DT_0063
2022-02-24 14:22:00,5.0,1026.7,274.0,4.5,33.5,DT_0063
2022-02-24 15:41:00,6.6,1025.6,265.0,1.3,33.8,DT_0063
2022-02-24 15:57:00,7.1,1025.6,263.0,1.1,33.8,DT_0063
2022-02-24 12:51:00,2.8,1027.9,277.0,7.0,33.7,DT_0063
2022-02-24 13:49:00,4.5,1027.1,281.0,4.0,33.6,DT_0063
2022-02-24 16:19:00,7.2,1025.3,110.0,0.0,33.8,DT_0063
2022-02-24 09:02:00,-1.0,1030.6,310.0,5.1,33.9,DT_0063
2022-02-24 12:57:00,2.9,1027.8,275.0,5.7,33.5,DT_0063
2022-02-24 11:09:00,1.0,1029.7,288.0,5.1,33.9,DT_0063
2022-02-24 15:38:00,6.8,1025.7,244.0,1.3,33.8,DT_0063
2022-02-24 08:51:00,-1.1,1030.4,306.0,6.6,33.9,DT_0063
2022-02-24 15:44:00,6.6,1025.6,227.0,2.7,33.8,DT_0063
2022-02-24 16:41:00,6.6,1025.2,190.0,0.7,33.8,DT_0063
2022-02-24 11:05:00,0.9,1029.8,279.0,5.1,33.8,DT_0063
2022-02-24 13:27:00,3.8,1027.4,277.0,4.1,33.6,DT_0063
2022-02-24 13:35:00,3.9,1027.3,276.0,4.0,33.5,DT_0063
2022-02-24 10:15:00,-0.2,1030.3,292.0,5.7,33.9,DT_0063
2022-02-24 11:03:00,0.9,1029.8,288.0,5.5,33.9,DT_0063
2022-02-24 12:49:00,2.8,1027.9,278.0,7.0,33.8,DT_0063
2022-02-24 09:18:00,-1.1,1030.6,312.0,6.0,33.8,DT_0063
2022-02-24 12:00:00,2.1,1028.9,292.0,6.9,33.8,DT_0063
2022-02-24 12:29:00,3.0,1028.5,278.0,6.4,33.8,DT_0063
2022-02-24 13:06:00,3.0,1027.7,278.0,6.4,33.6,DT_0063
2022-02-24 14:20:00,4.8,1026.7,281.0,3.9,33.5,DT_0063
2022-02-24 14:41:00,5.2,1026.4,273.0,3.9,33.5,DT_0063
2022-02-24 16:32:00,7.1,1025.3,140.0,0.0,33.9,DT_0063
2022-02-24 16:38:00,7.2,1025.2,184.0,2.7,33.9,DT_0063
2022-02-24 08:59:00,-1.3,1030.6,332.0,4.8,33.9,DT_0063
2022-02-24 11:30:00,1.9,1029.3,297.0,6.5,33.9,DT_0063
2022-02-24 11:40:00,1.7,1029.2,309.0,6.2,33.9,DT_0063
2022-02-24 11:44:00,1.8,1029,283.0,7.3,33.8,DT_0063
2022-02-24 12:53:00,2.7,1027.9,283.0,6.3,33.6,DT_0063
2022-02-24 13:51:00,4.2,1027.1,276.0,4.3,33.6,DT_0063
2022-02-24 14:55:00,5.2,1026.2,289.0,4.0,33.5,DT_0063
2022-02-24 15:10:00,5.7,1026,277.0,4.0,33.5,DT_0063
2022-02-24 15:33:00,6.4,1025.7,278.0,2.0,33.5,DT_0063
2022-02-24 13:15:00,3.5,1027.6,278.0,6.3,33.5,DT_0063
2022-02-24 09:11:00,-1.1,1030.6,307.0,5.3,33.9,DT_0063
2022-02-24 10:09:00,-0.3,1030.2,295.0,7.1,33.9,DT_0063
2022-02-24 14:17:00,4.7,1026.7,274.0,3.8,33.6,DT_0063
2022-02-24 08:42:00,-1.3,1030.4,316.0,7.2,33.9,DT_0063
2022-02-24 09:32:00,-0.8,1030.4,289.0,6.2,33.8,DT_0063
2022-02-24 09:58:00,-0.6,1030.4,310.0,5.9,33.8,DT_0063
2022-02-24 15:46:00,6.2,1025.6,245.0,1.6,33.8,DT_0063
2022-02-24 14:53:00,5.2,1026.3,285.0,3.5,33.5,DT_0063
2022-02-24 16:36:00,7.5,1025.2,193.0,0.4,33.9,DT_0063
2022-02-24 09:26:00,-1.0,1030.6,303.0,5.7,33.8,DT_0063
2022-02-24 09:39:00,-0.7,1030.4,295.0,5.8,33.9,DT_0063
2022-02-24 10:31:00,0.1,1030.1,283.0,6.6,33.9,DT_0063
2022-02-24 10:45:00,0.3,1030,287.0,4.1,33.9,DT_0063
2022-02-24 11:53:00,2.0,1028.9,280.0,7.8,33.8,DT_0063
2022-02-24 14:30:00,5.1,1026.5,280.0,5.2,33.5,DT_0063
2022-02-24 15:06:00,6.0,1026,284.0,3.9,33.6,DT_0063
2022-02-24 16:08:00,7.0,1025.4,257.0,1.3,33.8,DT_0063
2022-02-24 13:18:00,3.4,1027.7,275.0,4.5,33.6,DT_0063
2022-02-24 16:15:00,7.0,1025.4,192.0,0.9,33.8,DT_0063
2022-02-24 11:22:00,1.4,1029.5,300.0,4.7,33.9,DT_0063
2022-02-24 16:18:00,7.0,1025.4,181.0,0.1,33.8,DT_0063
2022-02-24 08:37:00,-1.2,1030.3,305.0,6.8,33.9,DT_0063
2022-02-24 13:05:00,3.0,1027.7,279.0,6.4,33.6,DT_0063
2022-02-24 15:37:00,6.8,1025.7,225.0,1.2,1.3,DT_0063
2022-02-24 09:15:00,-1.1,1030.6,308.0,4.9,33.8,DT_0063
2022-02-24 10:34:00,0.0,1030.1,286.0,5.4,33.8,DT_0063
2022-02-24 13:57:00,4.3,1026.9,282.0,4.8,33.5,DT_0063
2022-02-24 11:19:00,1.3,1029.5,276.0,6.0,33.8,DT_0063
2022-02-24 12:27:00,2.3,1028.5,280.0,6.1,33.8,DT_0063
2022-02-24 12:54:00,2.7,1027.9,275.0,5.7,33.6,DT_0063
2022-02-24 14:40:00,5.2,1026.4,273.0,4.4,33.6,DT_0063
