2022-02-24 01:48:00,1.4,1032.6,5.0,6.5,31.5,DT_0035
2022-02-24 01:58:00,1.5,1032.9,326.0,5.2,31.5,DT_0035
2022-02-24 02:54:00,1.5,1032.7,349.0,3.8,31.5,DT_0035
2022-02-24 04:26:00,2.1,1032,350.0,4.6,31.5,DT_0035
2022-02-24 01:01:00,1.3,1032.8,354.0,5.3,31.5,DT_0035
2022-02-24 00:11:00,1.1,1033,357.0,4.0,31.5,DT_0035
2022-02-24 01:47:00,1.4,1032.7,5.0,5.5,31.5,DT_0035
2022-02-24 03:29:00,1.8,1032.5,340.0,3.9,31.5,DT_0035
2022-02-24 06:13:00,2.3,1031.7,318.0,4.9,31.5,DT_0035
2022-02-24 07:36:00,2.6,1031.9,261.0,5.1,31.5,DT_0035
2022-02-24 07:45:00,2.7,1032.1,320.0,4.7,31.5,DT_0035
2022-02-24 02:16:00,1.6,1032.8,323.0,4.2,31.5,DT_0035
2022-02-24 00:27:00,1.2,1032.8,350.0,4.4,31.5,DT_0035
2022-02-24 03:49:00,1.8,1032.3,309.0,3.5,31.5,DT_0035
2022-02-24 05:00:00,2.1,1032.1,321.0,3.4,31.5,DT_0035
2022-02-24 05:35:00,2.4,1032,339.0,6.4,31.5,DT_0035
2022-02-24 05:13:00,2.3,1032,315.0,3.9,31.5,DT_0035
2022-02-24 03:25:00,1.7,1032.5,318.0,3.6,31.5,DT_0035
2022-02-24 05:32:00,2.2,1032.1,307.0,3.6,31.5,DT_0035
2022-02-24 03:21:00,1.8,1032.4,301.0,4.8,31.5,DT_0035
2022-02-24 00:56:00,1.2,1032.7,355.0,5.3,31.5,DT_0035
2022-02-24 02:56:00,1.6,1032.7,318.0,3.7,31.5,DT_0035
2022-02-24 03:20:00,1.8,1032.4,325.0,4.3,31.5,DT_0035
2022-02-24 05:02:00,2.2,1032,327.0,3.7,31.5,DT_0035
2022-02-24 05:24:00,2.4,1032.1,328.0,4.3,31.5,DT_0035
2022-02-24 06:14:00,2.4,1031.7,317.0,4.5,31.5,DT_0035
2022-02-24 06:16:00,2.4,1031.8,321.0,3.6,31.5,DT_0035
2022-02-24 07:22:00,2.6,1031.8,262.0,2.6,31.5,DT_0035
2022-02-24 07:51:00,2.5,1032,291.0,5.0,31.5,DT_0035
2022-02-24 02:23:00,1.6,1032.8,327.0,5.2,31.5,DT_0035
2022-02-24 06:44:00,2.7,1031.9,315.0,3.3,31.5,DT_0035
2022-02-24 07:05:00,2.7,1031.9,322.0,3.7,31.5,DT_0035
2022-02-24 03:36:00,1.8,1032.4,328.0,4.3,31.5,DT_0035
2022-02-24 05:29:00,2.3,1032.2,328.0,4.3,31.5,DT_0035
2022-02-24 05:46:00,2.4,1031.9,328.0,3.8,31.5,DT_0035
2022-02-24 06:19:00,2.6,1031.8,351.0,6.1,31.5,DT_0035
2022-02-24 00:47:00,1.2,1032.8,352.0,3.3,31.5,DT_0035
2022-02-24 03:07:00,1.5,1032.5,310.0,4.2,31.5,DT_0035
2022-02-24 04:14:00,2.0,1032.2,333.0,3.7,31.5,DT_0035
2022-02-24 05:47:00,2.5,1031.9,336.0,4.4,31.5,DT_0035
2022-02-24 01:50:00,1.4,1032.9,329.0,4.3,31.5,DT_0035
2022-02-24 04:41:00,1.9,1032.1,282.0,5.0,31.5,DT_0035
2022-02-24 06:10:00,2.3,1031.7,287.0,5.3,31.5,DT_0035
2022-02-24 07:55:00,2.6,1032.1,306.0,4.1,31.5,DT_0035
2022-02-24 02:30:00,1.7,1032.8,325.0,3.9,31.5,DT_0035
2022-02-24 03:55:00,1.9,1032.3,327.0,4.4,31.5,DT_0035
2022-02-24 08:10:00,2.8,1032.2,285.0,3.5,31.5,DT_0035
2022-02-24 05:08:00,2.3,1032,331.0,4.7,31.5,DT_0035
2022-02-24 06:49:00,2.5,1031.9,338.0,3.5,31.5,DT_0035
2022-02-24 07:01:00,2.6,1031.9,322.0,4.5,31.5,DT_0035
2022-02-24 08:25:00,2.7,1032.3,323.0,3.0,31.5,DT_0035
2022-02-24 05:09:00,2.4,1032,328.0,5.1,31.5,DT_0035
2022-02-24 08:00:00,2.6,1032.2,325.0,2.9,31.5,DT_0035
2022-02-24 03:44:00,1.6,1032.4,342.0,2.8,31.5,DT_0035
2022-02-24 05:06:00,2.3,1032,319.0,5.5,31.5,DT_0035
2022-02-24 08:14:00,2.6,1032.3,294.0,3.3,31.5,DT_0035
2022-02-24 00:26:00,1.2,1032.8,348.0,5.0,31.5,DT_0035
2022-02-24 04:34:00,2.1,1032.1,252.0,3.2,31.5,DT_0035
2022-02-24 00:31:00,1.1,1032.9,357.0,4.0,31.5,DT_0035
2022-02-24 04:06:00,1.9,1032.3,341.0,3.0,31.5,DT_0035
2022-02-24 06:38:00,2.5,1031.8,354.0,2.9,31.5,DT_0035
2022-02-24 08:26:00,2.7,1032.4,304.0,2.8,31.5,DT_0035
2022-02-24 03:57:00,1.9,1032.3,330.0,3.7,31.5,DT_0035
2022-02-24 04:22:00,1.9,1032.2,320.0,2.3,31.5,DT_0035
2022-02-24 04:54:00,2.1,1032.1,324.0,4.2,31.5,DT_0035
2022-02-24 00:52:00,1.4,1032.8,348.0,4.0,31.5,DT_0035
2022-02-24 01:15:00,1.3,1032.9,354.0,3.5,31.5,DT_0035
2022-02-24 02:19:00,1.6,1032.8,356.0,4.0,31.5,DT_0035
2022-02-24 00:22:00,1.2,1032.8,343.0,4.2,31.5,DT_0035
2022-02-24 01:31:00,1.3,1033.1,351.0,3.6,31.5,DT_0035
2022-02-24 02:44:00,1.5,1032.7,326.0,3.4,31.5,DT_0035
2022-02-24 03:09:00,1.5,1032.5,313.0,3.4,31.5,DT_0035
2022-02-24 06:39:00,2.6,1031.8,352.0,4.6,31.5,DT_0035
2022-02-24 07:31:00,2.6,1032.1,327.0,3.2,31.5,DT_0035
2022-02-24 03:17:00,1.8,1032.4,327.0,4.1,31.5,DT_0035
2022-02-24 07:10:00,2.6,1032,332.0,3.0,31.5,DT_0035
2022-02-24 04:08:00,1.9,1032.2,353.0,3.7,31.5,DT_0035
2022-02-24 05:25:00,2.4,1032.1,321.0,5.9,31.5,DT_0035
2022-02-24 07:28:00,2.5,1031.9,310.0,3.6,31.5,DT_0035
2022-02-24 04:21:00,1.9,1032.1,318.0,2.2,31.5,DT_0035
2022-02-24 02:12:00,1.6,1032.9,331.0,3.8,31.5,DT_0035
2022-02-24 03:24:00,1.7,1032.4,322.0,4.4,31.5,DT_0035
2022-02-24 04:46:00,1.7,1032.1,301.0,1.7,31.5,DT_0035
2022-02-24 06:23:00,2.6,1031.8,342.0,4.0,31.5,DT_0035
2022-02-24 00:40:00,1.2,1032.8,343.0,4.8,31.5,DT_0035
2022-02-24 03:48:00,1.9,1032.4,330.0,4.2,31.5,DT_0035
2022-02-24 05:21:00,2.3,1032.1,339.0,4.4,31.5,DT_0035
2022-02-24 04:03:00,2.0,1032.3,344.0,4.5,31.5,DT_0035
2022-02-24 04:40:00,1.9,1032,279.0,5.6,31.5,DT_0035
2022-02-24 04:13:00,2.0,1032.2,349.0,3.1,31.5,DT_0035
2022-02-24 06:31:00,2.7,1031.8,327.0,4.8,31.5,DT_0035
2022-02-24 00:10:00,1.0,1032.9,8.0,3.5,31.5,DT_0035
2022-02-24 02:25:00,1.5,1032.8,336.0,3.9,31.5,DT_0035
2022-02-24 07:42:00,2.6,1032,335.0,3.7,31.5,DT_0035
2022-02-24 01:51:00,1.4,1032.9,326.0,4.7,31.5,DT_0035
2022-02-24 06:51:00,2.5,1031.9,323.0,3.2,31.5,DT_0035
2022-02-24 02:43:00,1.5,1032.7,336.0,3.8,31.5,DT_0035
2022-02-24 06:02:00,2.3,1031.8,318.0,3.1,31.5,DT_0035
2022-02-24 05:56:00,2.5,1031.9,324.0,5.6,31.5,DT_0035
2022-02-24 08:06:00,2.8,1032.2,325.0,4.5,31.5,DT_0035
2022-02-24 02:02:00,1.4,1032.9,325.0,4.2,31.5,DT_0035
2022-02-24 02:46:00,1.6,1032.7,341.0,3.5,31.5,DT_0035
2022-02-24 05:57:00,2.4,1031.9,322.0,4.5,31.5,DT_0035
2022-02-24 07:15:00,2.7,1031.9,354.0,5.4,31.5,DT_0035
2022-02-24 07:43:00,2.6,1032.1,311.0,4.3,31.5,DT_0035
2022-02-24 00:41:00,1.2,1032.9,335.0,4.2,31.5,DT_0035
2022-02-24 07:57:00,2.6,1032.1,301.0,3.7,31.5,DT_0035
2022-02-24 06:06:00,2.4,1031.8,317.0,5.8,31.5,DT_0035
2022-02-24 02:21:00,1.5,1032.9,340.0,3.9,31.5,DT_0035
2022-02-24 02:27:00,1.5,1032.8,356.0,5.0,31.5,DT_0035
2022-02-24 06:32:00,2.7,1031.8,348.0,5.7,31.5,DT_0035
2022-02-24 08:02:00,2.8,1032.2,318.0,3.7,31.5,DT_0035
2022-02-24 00:19:00,1.1,1032.8,351.0,4.8,31.5,DT_0035
2022-02-24 03:59:00,1.9,1032.3,337.0,3.7,31.5,DT_0035
2022-02-24 04:09:00,1.9,1032.2,355.0,4.1,31.5,DT_0035
2022-02-24 00:20:00,1.1,1032.8,358.0,4.5,31.5,DT_0035
2022-02-24 00:36:00,1.2,1032.9,349.0,4.3,31.5,DT_0035
2022-02-24 00:54:00,1.3,1032.8,347.0,4.1,31.5,DT_0035
2022-02-24 02:40:00,1.6,1032.7,314.0,3.2,31.5,DT_0035
2022-02-24 03:40:00,1.8,1032.4,330.0,5.6,31.5,DT_0035
2022-02-24 05:51:00,2.5,1031.9,350.0,4.7,31.5,DT_0035
2022-02-24 00:33:00,1.2,1032.9,349.0,4.5,31.5,DT_0035
2022-02-24 05:54:00,2.5,1031.9,336.0,3.5,31.5,DT_0035
2022-02-24 06:28:00,2.6,1031.8,348.0,4.4,31.5,DT_0035
2022-02-24 07:48:00,2.6,1032,288.0,4.3,31.5,DT_0035
2022-02-24 06:11:00,2.2,1031.7,281.0,5.0,31.5,DT_0035
2022-02-24 07:33:00,2.7,1032.1,312.0,1.7,31.5,DT_0035
2022-02-24 01:36:00,1.3,1033,334.0,4.0,31.5,DT_0035
2022-02-24 04:23:00,1.9,1032.1,334.0,4.4,31.5,DT_0035
2022-02-24 06:43:00,2.8,1031.9,324.0,3.4,31.5,DT_0035
2022-02-24 06:55:00,2.6,1031.9,349.0,5.2,31.5,DT_0035
2022-02-24 00:14:00,1.2,1032.9,356.0,4.3,31.5,DT_0035
2022-02-24 05:14:00,2.2,1032,326.0,5.3,31.5,DT_0035
2022-02-24 05:53:00,2.5,1031.9,340.0,3.8,31.5,DT_0035
2022-02-24 08:17:00,2.6,1032.3,292.0,3.5,31.5,DT_0035
2022-02-24 00:34:00,1.2,1032.9,349.0,4.3,31.5,DT_0035
2022-02-24 04:16:00,2.0,1032.2,331.0,3.5,31.5,DT_0035
2022-02-24 04:57:00,2.2,1032.1,335.0,4.7,31.5,DT_0035
2022-02-24 02:03:00,1.3,1033,320.0,3.4,31.5,DT_0035
2022-02-24 05:19:00,2.2,1032,323.0,4.4,31.5,DT_0035
2022-02-24 07:34:00,2.7,1032,295.0,4.0,31.5,DT_0035
2022-02-24 08:22:00,2.6,1032.4,330.0,2.7,31.5,DT_0035
2022-02-24 01:23:00,1.4,1033.1,332.0,3.6,31.5,DT_0035
2022-02-24 05:28:00,2.3,1032.1,319.0,4.8,31.5,DT_0035
2022-02-24 01:57:00,1.5,1032.9,344.0,4.0,31.5,DT_0035
2022-02-24 03:03:00,1.4,1032.6,312.0,2.8,31.5,DT_0035
2022-02-24 02:10:00,1.5,1032.9,334.0,3.4,31.5,DT_0035
2022-02-24 03:41:00,1.7,1032.4,299.0,3.8,31.5,DT_0035
2022-02-24 05:18:00,2.2,1031.9,302.0,4.8,31.5,DT_0035
2022-02-24 06:40:00,2.6,1031.8,351.0,3.9,31.5,DT_0035
2022-02-24 07:59:00,2.6,1032.2,287.0,2.2,31.5,DT_0035
2022-02-24 00:30:00,1.2,1032.9,351.0,4.2,31.5,DT_0035
2022-02-24 02:28:00,1.5,1032.8,355.0,5.1,31.5,DT_0035
2022-02-24 04:18:00,2.0,1032.1,308.0,3.4,31.5,DT_0035
2022-02-24 02:13:00,1.6,1032.9,328.0,4.3,31.5,DT_0035
2022-02-24 05:17:00,2.3,1031.9,287.0,4.2,31.5,DT_0035
2022-02-24 05:23:00,2.4,1032.1,324.0,5.0,31.5,DT_0035
2022-02-24 06:09:00,2.4,1031.7,288.0,4.7,31.5,DT_0035
2022-02-24 07:00:00,2.7,1031.9,322.0,4.9,31.5,DT_0035
2022-02-24 03:51:00,1.8,1032.3,316.0,3.5,31.5,DT_0035
2022-02-24 04:10:00,1.9,1032.2,346.0,2.9,31.5,DT_0035
2022-02-24 07:09:00,2.6,1031.9,324.0,2.8,31.5,DT_0035
2022-02-24 06:05:00,2.3,1031.9,323.0,4.2,31.5,DT_0035
2022-02-24 06:59:00,2.8,1031.9,331.0,4.0,31.5,DT_0035
2022-02-24 01:28:00,1.3,1033.1,349.0,4.7,31.5,DT_0035
2022-02-24 02:58:00,1.5,1032.7,304.0,3.5,31.5,DT_0035
2022-02-24 04:37:00,1.9,1032.1,326.0,3.7,31.5,DT_0035
2022-02-24 07:37:00,2.5,1031.9,280.0,5.4,31.5,DT_0035
2022-02-24 00:39:00,1.2,1032.8,325.0,6.0,31.5,DT_0035
2022-02-24 02:20:00,1.6,1032.8,1.0,4.0,31.5,DT_0035
2022-02-24 00:16:00,1.1,1032.8,350.0,5.1,31.5,DT_0035
2022-02-24 04:42:00,1.8,1032,269.0,4.3,31.5,DT_0035
2022-02-24 06:36:00,2.5,1031.9,345.0,4.9,31.5,DT_0035
2022-02-24 07:18:00,2.8,1031.9,320.0,3.5,31.5,DT_0035
2022-02-24 00:51:00,1.4,1032.8,348.0,3.0,31.5,DT_0035
2022-02-24 02:48:00,1.7,1032.7,343.0,4.0,31.5,DT_0035
2022-02-24 03:35:00,1.8,1032.4,335.0,3.5,31.5,DT_0035
2022-02-24 03:58:00,1.9,1032.3,309.0,2.9,31.5,DT_0035
2022-02-24 07:52:00,2.5,1032.1,307.0,3.1,31.5,DT_0035
2022-02-24 08:16:00,2.6,1032.3,301.0,4.1,31.5,DT_0035
2022-02-24 01:16:00,1.2,1032.8,0.0,4.8,31.5,DT_0035
2022-02-24 02:04:00,1.3,1032.9,315.0,2.6,31.5,DT_0035
2022-02-24 04:20:00,1.9,1032.1,333.0,4.1,31.5,DT_0035
2022-02-24 00:29:00,1.1,1032.8,358.0,5.4,31.5,DT_0035
2022-02-24 01:12:00,1.3,1032.9,352.0,4.5,31.5,DT_0035
2022-02-24 02:57:00,1.6,1032.7,308.0,3.4,31.5,DT_0035
2022-02-24 04:36:00,1.9,1032.1,312.0,3.7,31.5,DT_0035
2022-02-24 05:45:00,2.4,1031.9,327.0,3.5,31.5,DT_0035
2022-02-24 06:15:00,2.4,1031.7,325.0,4.2,31.5,DT_0035
2022-02-24 07:06:00,2.6,1031.9,335.0,2.9,31.5,DT_0035
2022-02-24 00:07:00,1.2,1032.9,4.0,4.0,31.5,DT_0035
2022-02-24 02:41:00,1.5,1032.7,319.0,3.0,31.5,DT_0035
2022-02-24 08:07:00,2.8,1032.2,323.0,4.3,31.5,DT_0035
2022-02-24 01:42:00,1.5,1032.9,351.0,5.6,31.5,DT_0035
2022-02-24 02:24:00,1.6,1032.8,328.0,3.8,31.5,DT_0035
2022-02-24 06:57:00,2.8,1031.9,333.0,4.0,31.5,DT_0035
2022-02-24 07:20:00,2.8,1031.8,308.0,4.6,31.5,DT_0035
2022-02-24 05:27:00,2.3,1032.1,325.0,5.3,31.5,DT_0035
2022-02-24 05:44:00,2.4,1032,340.0,4.6,31.5,DT_0035
2022-02-24 00:24:00,1.2,1032.8,349.0,3.7,31.5,DT_0035
2022-02-24 03:01:00,1.4,1032.6,304.0,3.7,31.5,DT_0035
2022-02-24 05:15:00,2.3,1032,342.0,4.7,31.5,DT_0035
2022-02-24 03:05:00,1.6,1032.5,290.0,3.8,31.5,DT_0035
2022-02-24 07:07:00,2.6,1031.9,343.0,3.4,31.5,DT_0035
2022-02-24 02:22:00,1.6,1032.9,336.0,4.3,31.5,DT_0035
2022-02-24 07:17:00,2.8,1031.9,337.0,3.7,31.5,DT_0035
2022-02-24 08:13:00,2.6,1032.1,264.0,5.8,31.5,DT_0035
2022-02-24 04:31:00,2.1,1032.1,296.0,3.6,31.5,DT_0035
2022-02-24 07:27:00,2.5,1031.9,304.0,3.6,31.5,DT_0035
2022-02-24 06:34:00,2.6,1031.7,294.0,6.4,31.5,DT_0035
2022-02-24 07:56:00,2.6,1032.1,307.0,3.7,31.5,DT_0035
2022-02-24 08:24:00,2.7,1032.4,287.0,2.4,31.5,DT_0035
2022-02-24 01:09:00,1.2,1032.9,350.0,4.6,31.5,DT_0035
2022-02-24 02:14:00,1.5,1032.8,327.0,4.3,31.5,DT_0035
2022-02-24 03:32:00,1.9,1032.5,353.0,2.5,31.5,DT_0035
2022-02-24 05:34:00,2.3,1032.1,333.0,5.0,31.5,DT_0035
2022-02-24 04:01:00,2.0,1032.3,339.0,4.4,31.5,DT_0035
2022-02-24 08:11:00,2.7,1032.2,293.0,4.8,31.5,DT_0035
2022-02-24 05:58:00,2.4,1031.9,331.0,3.6,31.5,DT_0035
2022-02-24 06:56:00,2.7,1031.9,341.0,3.9,31.5,DT_0035
2022-02-24 05:43:00,2.4,1032,333.0,4.3,31.5,DT_0035
2022-02-24 00:17:00,1.1,1032.9,348.0,3.9,31.5,DT_0035
2022-02-24 02:11:00,1.5,1032.9,333.0,3.6,31.5,DT_0035
2022-02-24 06:26:00,2.7,1031.8,318.0,3.5,31.5,DT_0035
2022-02-24 04:35:00,2.0,1032.1,282.0,3.7,31.5,DT_0035
2022-02-24 00:58:00,1.2,1032.8,344.0,4.1,31.5,DT_0035
2022-02-24 02:42:00,1.5,1032.7,314.0,2.9,31.5,DT_0035
2022-02-24 04:27:00,2.1,1032,326.0,4.4,31.5,DT_0035
2022-02-24 04:53:00,2.1,1032.1,325.0,4.5,31.5,DT_0035
2022-02-24 04:56:00,2.2,1032.1,348.0,4.8,31.5,DT_0035
2022-02-24 00:50:00,1.4,1032.8,342.0,2.6,31.5,DT_0035
2022-02-24 02:49:00,1.7,1032.7,348.0,4.9,31.5,DT_0035
2022-02-24 02:53:00,1.5,1032.8,342.0,3.2,31.5,DT_0035
2022-02-24 06:27:00,2.6,1031.8,351.0,4.1,31.5,DT_0035
2022-02-24 08:19:00,2.6,1032.3,306.0,4.3,31.5,DT_0035
2022-02-24 00:35:00,1.2,1032.8,349.0,4.1,31.5,DT_0035
2022-02-24 01:11:00,1.3,1032.8,350.0,5.1,31.5,DT_0035
2022-02-24 05:36:00,2.4,1032,326.0,5.7,31.5,DT_0035
2022-02-24 07:47:00,2.6,1032,293.0,5.1,31.5,DT_0035
2022-02-24 08:27:00,2.7,1032.4,316.0,3.9,31.5,DT_0035
2022-02-24 01:29:00,1.3,1033.1,349.0,5.0,31.5,DT_0035
2022-02-24 04:00:00,2.0,1032.3,337.0,4.9,31.5,DT_0035
2022-02-24 04:47:00,1.7,1032.1,322.0,2.6,31.5,DT_0035
2022-02-24 08:15:00,2.6,1032.3,274.0,4.3,31.5,DT_0035
2022-02-24 00:28:00,1.1,1032.9,342.0,3.9,31.5,DT_0035
2022-02-24 05:26:00,2.4,1032.1,326.0,6.2,31.5,DT_0035
2022-02-24 08:28:00,2.7,1032.4,320.0,2.4,31.5,DT_0035
2022-02-24 00:57:00,1.2,1032.8,354.0,4.5,31.5,DT_0035
2022-02-24 01:53:00,1.3,1032.9,320.0,3.8,31.5,DT_0035
2022-02-24 02:01:00,1.4,1033,329.0,5.0,31.5,DT_0035
2022-02-24 02:51:00,1.6,1032.7,327.0,5.4,31.5,DT_0035
2022-02-24 04:55:00,2.1,1032.1,345.0,4.6,31.5,DT_0035
2022-02-24 05:37:00,2.3,1032.1,318.0,4.7,31.5,DT_0035
2022-02-24 05:55:00,2.5,1031.9,329.0,4.8,31.5,DT_0035
2022-02-24 03:22:00,1.7,1032.4,316.0,4.1,31.5,DT_0035
2022-02-24 04:19:00,1.9,1032.1,295.0,3.9,31.5,DT_0035
2022-02-24 06:21:00,2.6,1031.8,330.0,4.2,31.5,DT_0035
2022-02-24 00:48:00,1.1,1032.8,349.0,3.3,31.5,DT_0035
2022-02-24 02:38:00,1.7,1032.7,352.0,4.5,31.5,DT_0035
2022-02-24 06:22:00,2.6,1031.8,335.0,4.6,31.5,DT_0035
2022-02-24 03:19:00,1.8,1032.4,326.0,4.7,31.5,DT_0035
2022-02-24 08:21:00,2.6,1032.4,319.0,3.3,31.5,DT_0035
2022-02-24 04:39:00,2.0,1032.1,277.0,3.6,31.5,DT_0035
2022-02-24 05:04:00,2.3,1031.9,328.0,5.3,31.5,DT_0035
2022-02-24 05:20:00,2.2,1032.1,336.0,4.1,31.5,DT_0035
2022-02-24 06:47:00,2.6,1031.9,309.0,3.2,31.5,DT_0035
2022-02-24 08:09:00,2.8,1032.3,305.0,2.7,31.5,DT_0035
2022-02-24 02:08:00,1.5,1032.9,322.0,3.3,31.5,DT_0035
2022-02-24 04:28:00,2.1,1032.1,302.0,3.4,31.5,DT_0035
2022-02-24 04:30:00,2.2,1032.1,320.0,4.5,31.5,DT_0035
2022-02-24 07:41:00,2.6,1032,329.0,3.1,31.5,DT_0035
2022-02-24 06:01:00,2.3,1031.8,317.0,2.9,31.5,DT_0035
2022-02-24 07:12:00,2.8,1031.9,319.0,3.6,31.5,DT_0035
2022-02-24 01:08:00,1.2,1032.9,343.0,5.0,31.5,DT_0035
2022-02-24 03:23:00,1.7,1032.4,324.0,3.6,31.5,DT_0035
2022-02-24 06:41:00,2.7,1031.8,345.0,5.2,31.5,DT_0035
2022-02-24 07:40:00,2.5,1032,322.0,3.5,31.5,DT_0035
2022-02-24 00:18:00,1.1,1032.8,346.0,4.3,31.5,DT_0035
2022-02-24 03:31:00,1.8,1032.5,350.0,3.5,31.5,DT_0035
2022-02-24 01:02:00,1.3,1032.9,343.0,4.8,31.5,DT_0035
2022-02-24 04:51:00,2.0,1032.1,320.0,4.4,31.5,DT_0035
2022-02-24 07:58:00,2.6,1032.1,312.0,3.2,31.5,DT_0035
2022-02-24 00:12:00,1.1,1032.9,353.0,3.7,31.5,DT_0035
2022-02-24 01:14:00,1.3,1032.8,1.0,5.3,31.5,DT_0035
2022-02-24 03:06:00,1.5,1032.5,304.0,5.2,31.5,DT_0035
2022-02-24 04:15:00,2.0,1032.2,325.0,3.4,31.5,DT_0035
2022-02-24 00:44:00,1.2,1032.9,355.0,4.1,31.5,DT_0035
2022-02-24 01:07:00,1.2,1032.8,325.0,4.0,31.5,DT_0035
2022-02-24 01:52:00,1.4,1032.9,324.0,4.6,31.5,DT_0035
2022-02-24 05:03:00,2.3,1032,325.0,4.5,31.5,DT_0035
2022-02-24 08:03:00,2.8,1032.1,340.0,4.9,31.5,DT_0035
2022-02-24 01:59:00,1.5,1033,334.0,4.3,31.5,DT_0035
2022-02-24 02:17:00,1.6,1032.8,325.0,3.7,31.5,DT_0035
2022-02-24 02:59:00,1.5,1032.6,303.0,4.7,31.5,DT_0035
2022-02-24 07:16:00,2.7,1031.9,318.0,5.1,31.5,DT_0035
2022-02-24 07:44:00,2.6,1032,337.0,5.5,31.5,DT_0035
2022-02-24 03:10:00,1.5,1032.5,308.0,1.7,31.5,DT_0035
2022-02-24 07:26:00,2.5,1031.9,326.0,2.9,31.5,DT_0035
2022-02-24 00:06:00,1.2,1032.9,351.0,4.8,31.5,DT_0035
2022-02-24 06:52:00,2.5,1031.9,318.0,3.9,31.5,DT_0035
2022-02-24 07:35:00,2.7,1031.9,266.0,5.2,31.5,DT_0035
2022-02-24 07:46:00,2.7,1032,315.0,5.0,31.5,DT_0035
2022-02-24 08:04:00,2.9,1032.2,314.0,3.2,31.5,DT_0035
2022-02-24 00:45:00,1.2,1032.8,2.0,4.2,31.5,DT_0035
2022-02-24 01:24:00,1.4,1033.1,332.0,2.6,31.5,DT_0035
2022-02-24 05:01:00,2.1,1032,323.0,4.0,31.5,DT_0035
2022-02-24 07:11:00,2.8,1031.9,329.0,4.6,31.5,DT_0035
2022-02-24 07:54:00,2.6,1032.1,271.0,2.9,31.5,DT_0035
2022-02-24 01:03:00,1.3,1032.9,347.0,4.4,31.5,DT_0035
2022-02-24 01:37:00,1.4,1032.9,349.0,5.3,31.5,DT_0035
2022-02-24 03:00:00,1.5,1032.6,300.0,4.4,31.5,DT_0035
2022-02-24 04:38:00,1.9,1032.1,295.0,3.4,31.5,DT_0035
2022-02-24 06:58:00,2.8,1031.9,331.0,3.5,31.5,DT_0035
2022-02-24 04:24:00,2.0,1032.1,346.0,3.1,31.5,DT_0035
2022-02-24 06:04:00,2.3,1031.8,314.0,4.3,31.5,DT_0035
2022-02-24 01:44:00,1.3,1032.9,334.0,3.9,31.5,DT_0035
2022-02-24 01:46:00,1.4,1032.8,348.0,4.6,31.5,DT_0035
2022-02-24 08:01:00,2.7,1032.2,328.0,3.8,31.5,DT_0035
2022-02-24 03:15:00,1.7,1032.4,351.0,3.5,31.5,DT_0035
2022-02-24 04:17:00,2.0,1032.2,322.0,4.0,31.5,DT_0035
2022-02-24 01:55:00,1.4,1032.9,344.0,3.9,31.5,DT_0035
2022-02-24 02:33:00,1.6,1032.8,319.0,3.8,31.5,DT_0035
2022-02-24 03:12:00,1.5,1032.4,322.0,2.5,31.5,DT_0035
2022-02-24 03:46:00,1.8,1032.3,354.0,4.4,31.5,DT_0035
2022-02-24 05:40:00,2.4,1032.1,347.0,4.3,31.5,DT_0035
2022-02-24 00:05:00,1.2,1032.9,347.0,4.4,31.5,DT_0035
2022-02-24 05:49:00,2.5,1031.9,327.0,5.0,31.5,DT_0035
2022-02-24 07:29:00,2.5,1032,311.0,3.1,31.5,DT_0035
2022-02-24 02:29:00,1.6,1032.8,352.0,3.7,31.5,DT_0035
2022-02-24 03:11:00,1.5,1032.4,317.0,3.2,31.5,DT_0035
2022-02-24 04:05:00,1.9,1032.3,347.0,4.4,31.5,DT_0035
2022-02-24 05:11:00,2.4,1031.9,340.0,6.5,31.5,DT_0035
2022-02-24 05:12:00,2.4,1032,313.0,5.3,31.5,DT_0035
2022-02-24 05:22:00,2.4,1032.1,345.0,4.2,31.5,DT_0035
2022-02-24 06:54:00,2.5,1031.9,348.0,4.4,31.5,DT_0035
2022-02-24 07:38:00,2.5,1032,294.0,4.1,31.5,DT_0035
2022-02-24 00:00:00,1.0,1032.9,358.0,3.6,31.5,DT_0035
2022-02-24 02:07:00,1.4,1032.9,324.0,4.6,31.5,DT_0035
2022-02-24 02:47:00,1.7,1032.7,343.0,3.2,31.5,DT_0035
2022-02-24 05:38:00,2.3,1032.1,326.0,4.8,31.5,DT_0035
2022-02-24 00:08:00,1.2,1032.7,11.0,5.8,31.5,DT_0035
2022-02-24 01:13:00,1.3,1032.9,354.0,4.3,31.5,DT_0035
2022-02-24 01:21:00,1.4,1033,341.0,4.5,31.5,DT_0035
2022-02-24 05:33:00,2.2,1032.1,317.0,4.3,31.5,DT_0035
2022-02-24 00:46:00,1.2,1032.8,354.0,4.1,31.5,DT_0035
2022-02-24 01:00:00,1.3,1032.9,351.0,4.2,31.5,DT_0035
2022-02-24 03:28:00,1.8,1032.5,346.0,4.3,31.5,DT_0035
2022-02-24 06:07:00,2.4,1031.8,334.0,4.3,31.5,DT_0035
2022-02-24 06:29:00,2.6,1031.8,345.0,5.4,31.5,DT_0035
2022-02-24 02:52:00,1.6,1032.7,326.0,5.3,31.5,DT_0035
2022-02-24 04:29:00,2.1,1032.1,345.0,3.8,31.5,DT_0035
2022-02-24 01:10:00,1.2,1032.8,354.0,5.0,31.5,DT_0035
2022-02-24 03:16:00,1.7,1032.4,320.0,3.2,31.5,DT_0035
2022-02-24 00:59:00,1.2,1032.8,349.0,5.0,31.5,DT_0035
2022-02-24 00:43:00,1.2,1032.9,337.0,3.4,31.5,DT_0035
2022-02-24 01:56:00,1.5,1032.9,349.0,4.1,31.5,DT_0035
2022-02-24 02:31:00,1.7,1032.8,316.0,3.7,31.5,DT_0035
2022-02-24 06:20:00,2.6,1031.8,329.0,5.8,31.5,DT_0035
2022-02-24 07:25:00,2.5,1031.8,324.0,5.3,31.5,DT_0035
2022-02-24 02:39:00,1.6,1032.8,334.0,3.7,31.5,DT_0035
2022-02-24 08:05:00,2.9,1032.3,302.0,2.9,31.5,DT_0035
2022-02-24 01:39:00,1.5,1033,330.0,4.5,31.5,DT_0035
2022-02-24 06:00:00,2.3,1031.8,313.0,3.1,31.5,DT_0035
2022-02-24 06:17:00,2.5,1031.8,343.0,5.3,31.5,DT_0035
2022-02-24 00:49:00,1.2,1032.8,334.0,3.0,31.5,DT_0035
2022-02-24 01:49:00,1.4,1032.9,338.0,5.9,31.5,DT_0035
2022-02-24 03:27:00,1.8,1032.5,353.0,4.6,31.5,DT_0035
2022-02-24 05:30:00,2.3,1032.1,337.0,4.9,31.5,DT_0035
2022-02-24 00:25:00,1.2,1032.8,342.0,4.1,31.5,DT_0035
2022-02-24 04:32:00,2.1,1032.1,327.0,3.0,31.5,DT_0035
2022-02-24 06:24:00,2.6,1031.8,347.0,4.3,31.5,DT_0035
2022-02-24 01:25:00,1.4,1033,350.0,4.9,31.5,DT_0035
2022-02-24 05:10:00,2.4,1032,345.0,5.2,31.5,DT_0035
2022-02-24 07:23:00,2.6,1031.9,294.0,3.9,31.5,DT_0035
2022-02-24 03:02:00,1.4,1032.6,305.0,3.5,31.5,DT_0035
2022-02-24 04:33:00,2.1,1032.1,308.0,3.0,31.5,DT_0035
2022-02-24 06:25:00,2.6,1031.8,337.0,4.3,31.5,DT_0035
2022-02-24 07:13:00,2.7,1032,323.0,4.1,31.5,DT_0035
2022-02-24 01:19:00,1.3,1033,346.0,3.4,31.5,DT_0035
2022-02-24 01:32:00,1.3,1032.9,353.0,5.4,31.5,DT_0035
2022-02-24 01:33:00,1.3,1033,334.0,4.4,31.5,DT_0035
2022-02-24 06:03:00,2.3,1031.8,315.0,3.4,31.5,DT_0035
2022-02-24 06:46:00,2.6,1031.9,336.0,4.9,31.5,DT_0035
2022-02-24 07:19:00,2.8,1031.9,325.0,3.7,31.5,DT_0035
2022-02-24 00:42:00,1.2,1032.8,330.0,4.9,31.5,DT_0035
2022-02-24 02:37:00,1.7,1032.8,351.0,4.6,31.5,DT_0035
2022-02-24 03:37:00,1.8,1032.4,352.0,4.5,31.5,DT_0035
2022-02-24 02:55:00,1.5,1032.7,339.0,3.3,31.5,DT_0035
2022-02-24 06:35:00,2.5,1031.8,313.0,4.7,31.5,DT_0035
2022-02-24 06:50:00,2.5,1031.9,312.0,3.2,31.5,DT_0035
2022-02-24 04:50:00,2.0,1032.1,318.0,2.3,31.5,DT_0035
2022-02-24 05:48:00,2.5,1031.9,330.0,4.1,31.5,DT_0035
2022-02-24 05:16:00,2.4,1031.8,310.0,5.7,31.5,DT_0035
2022-02-24 05:31:00,2.2,1032.1,322.0,4.4,31.5,DT_0035
2022-02-24 07:02:00,2.6,1031.9,349.0,4.0,31.5,DT_0035
2022-02-24 01:43:00,1.4,1032.9,347.0,4.4,31.5,DT_0035
2022-02-24 00:55:00,1.2,1032.8,348.0,4.7,31.5,DT_0035
2022-02-24 04:04:00,1.9,1032.3,353.0,4.2,31.5,DT_0035
2022-02-24 03:52:00,1.7,1032.3,324.0,4.3,31.5,DT_0035
2022-02-24 08:12:00,2.7,1032.2,272.0,4.1,31.5,DT_0035
2022-02-24 03:42:00,1.7,1032.4,333.0,3.5,31.5,DT_0035
2022-02-24 02:15:00,1.5,1032.9,351.0,3.1,31.5,DT_0035
2022-02-24 06:53:00,2.5,1031.9,304.0,4.2,31.5,DT_0035
2022-02-24 01:26:00,1.3,1033.1,344.0,4.8,31.5,DT_0035
2022-02-24 02:09:00,1.5,1032.8,329.0,3.7,31.5,DT_0035
2022-02-24 05:50:00,2.5,1031.8,353.0,6.1,31.5,DT_0035
2022-02-24 00:21:00,1.1,1032.8,355.0,5.4,31.5,DT_0035
2022-02-24 00:23:00,1.2,1032.8,356.0,5.0,31.5,DT_0035
2022-02-24 02:32:00,1.6,1032.8,329.0,3.3,31.5,DT_0035
2022-02-24 04:25:00,2.0,1032.1,353.0,3.8,31.5,DT_0035
2022-02-24 05:05:00,2.3,1031.9,325.0,6.7,31.5,DT_0035
2022-02-24 00:37:00,1.3,1032.8,325.0,5.0,31.5,DT_0035
2022-02-24 01:35:00,1.3,1033,326.0,4.4,31.5,DT_0035
2022-02-24 00:03:00,1.2,1032.9,358.0,4.7,31.5,DT_0035
2022-02-24 06:42:00,2.8,1031.7,348.0,5.2,31.5,DT_0035
2022-02-24 06:45:00,2.6,1031.9,345.0,5.7,31.5,DT_0035
2022-02-24 01:06:00,1.2,1032.8,341.0,4.9,31.5,DT_0035
2022-02-24 02:05:00,1.3,1032.9,342.0,3.5,31.5,DT_0035
2022-02-24 07:49:00,2.5,1032,288.0,3.7,31.5,DT_0035
2022-02-24 02:18:00,1.6,1032.8,352.0,4.5,31.5,DT_0035
2022-02-24 02:45:00,1.6,1032.7,326.0,3.5,31.5,DT_0035
2022-02-24 05:41:00,2.4,1032.1,346.0,4.8,31.5,DT_0035
2022-02-24 03:39:00,2.0,1032.4,330.0,5.3,31.5,DT_0035
2022-02-24 06:18:00,2.5,1031.8,339.0,4.5,31.5,DT_0035
2022-02-24 07:04:00,2.7,1031.9,319.0,3.8,31.5,DT_0035
2022-02-24 07:14:00,2.7,1032,331.0,3.8,31.5,DT_0035
2022-02-24 02:00:00,1.5,1032.9,326.0,5.7,31.5,DT_0035
2022-02-24 00:09:00,1.1,1032.9,351.0,4.2,31.5,DT_0035
2022-02-24 00:32:00,1.1,1032.8,0.0,4.4,31.5,DT_0035
2022-02-24 01:38:00,1.5,1033,329.0,5.1,31.5,DT_0035
2022-02-24 03:26:00,1.8,1032.4,348.0,4.6,31.5,DT_0035
2022-02-24 07:39:00,2.5,1032,301.0,3.3,31.5,DT_0035
2022-02-24 04:12:00,2.0,1032.1,348.0,3.6,31.5,DT_0035
2022-02-24 04:58:00,2.2,1032.1,314.0,4.4,31.5,DT_0035
2022-02-24 07:32:00,2.7,1032,325.0,2.9,31.5,DT_0035
2022-02-24 03:53:00,1.8,1032.3,330.0,4.4,31.5,DT_0035
2022-02-24 06:37:00,2.5,1031.8,348.0,4.3,31.5,DT_0035
2022-02-24 06:48:00,2.5,1031.9,320.0,3.6,31.5,DT_0035
2022-02-24 00:01:00,1.1,1033,349.0,3.7,31.5,DT_0035
2022-02-24 00:13:00,1.1,1033,347.0,3.5,31.5,DT_0035
2022-02-24 02:34:00,1.6,1032.8,319.0,3.6,31.5,DT_0035
2022-02-24 03:50:00,1.8,1032.3,311.0,3.9,31.5,DT_0035
2022-02-24 04:45:00,1.8,1032.1,281.0,2.3,31.5,DT_0035
2022-02-24 00:38:00,1.3,1032.8,325.0,5.7,31.5,DT_0035
2022-02-24 03:33:00,1.9,1032.4,341.0,2.5,31.5,DT_0035
2022-02-24 05:07:00,2.3,1032,324.0,4.8,31.5,DT_0035
2022-02-24 04:49:00,1.9,1032.1,319.0,4.0,31.5,DT_0035
2022-02-24 06:33:00,2.7,1031.8,338.0,5.8,31.5,DT_0035
2022-02-24 07:21:00,2.7,1031.8,270.0,4.0,31.5,DT_0035
2022-02-24 02:06:00,1.4,1032.9,329.0,5.1,31.5,DT_0035
2022-02-24 01:04:00,1.2,1032.8,350.0,4.9,31.5,DT_0035
2022-02-24 07:53:00,2.6,1032.2,333.0,1.9,31.5,DT_0035
2022-02-24 01:30:00,1.3,1033,352.0,4.2,31.5,DT_0035
2022-02-24 06:12:00,2.3,1031.8,324.0,4.3,31.5,DT_0035
2022-02-24 07:24:00,2.6,1031.8,269.0,4.3,31.5,DT_0035
2022-02-24 04:07:00,1.9,1032.3,334.0,3.2,31.5,DT_0035
2022-02-24 01:20:00,1.3,1033,342.0,3.7,31.5,DT_0035
2022-02-24 01:22:00,1.4,1033,335.0,4.0,31.5,DT_0035
2022-02-24 06:08:00,2.4,1031.8,326.0,4.2,31.5,DT_0035
2022-02-24 01:34:00,1.3,1033,328.0,4.1,31.5,DT_0035
2022-02-24 01:54:00,1.3,1032.9,335.0,4.9,31.5,DT_0035
2022-02-24 02:50:00,1.7,1032.7,320.0,5.0,31.5,DT_0035
2022-02-24 03:13:00,1.6,1032.5,340.0,2.2,31.5,DT_0035
2022-02-24 03:45:00,1.7,1032.4,351.0,3.8,31.5,DT_0035
2022-02-24 07:03:00,2.7,1031.9,331.0,3.6,31.5,DT_0035
2022-02-24 08:23:00,2.7,1032.4,301.0,2.6,31.5,DT_0035
2022-02-24 03:30:00,1.8,1032.5,325.0,4.0,31.5,DT_0035
2022-02-24 04:44:00,1.8,1032.1,284.0,3.0,31.5,DT_0035
2022-02-24 01:27:00,1.3,1033.1,350.0,5.3,31.5,DT_0035
2022-02-24 01:40:00,1.4,1033,347.0,4.1,31.5,DT_0035
2022-02-24 03:34:00,1.9,1032.4,323.0,3.1,31.5,DT_0035
2022-02-24 05:59:00,2.4,1031.8,296.0,4.8,31.5,DT_0035
2022-02-24 07:08:00,2.6,1031.9,308.0,3.0,31.5,DT_0035
2022-02-24 07:50:00,2.5,1032.1,292.0,3.6,31.5,DT_0035
2022-02-24 08:08:00,2.8,1032.2,318.0,4.3,31.5,DT_0035
2022-02-24 02:36:00,1.5,1032.8,341.0,3.3,31.5,DT_0035
2022-02-24 03:18:00,1.8,1032.4,347.0,5.3,31.5,DT_0035
2022-02-24 04:48:00,1.8,1032.1,332.0,2.8,31.5,DT_0035
2022-02-24 00:04:00,1.1,1032.9,1.0,4.1,31.5,DT_0035
2022-02-24 03:47:00,1.9,1032.4,327.0,4.2,31.5,DT_0035
2022-02-24 05:39:00,2.3,1032.1,332.0,4.1,31.5,DT_0035
2022-02-24 03:08:00,1.5,1032.5,308.0,2.8,31.5,DT_0035
2022-02-24 04:43:00,1.8,1032.1,261.0,3.1,31.5,DT_0035
2022-02-24 01:18:00,1.4,1032.9,329.0,3.8,31.5,DT_0035
2022-02-24 03:54:00,1.8,1032.3,332.0,3.9,31.5,DT_0035
2022-02-24 04:02:00,2.0,1032.3,338.0,4.4,31.5,DT_0035
2022-02-24 05:42:00,2.4,1032.1,339.0,3.1,31.5,DT_0035
2022-02-24 01:17:00,1.3,1032.9,348.0,3.6,31.5,DT_0035
2022-02-24 02:26:00,1.5,1032.8,330.0,4.2,31.5,DT_0035
2022-02-24 03:43:00,1.6,1032.4,327.0,3.4,31.5,DT_0035
2022-02-24 01:05:00,1.2,1032.8,348.0,4.3,31.5,DT_0035
2022-02-24 02:35:00,1.5,1032.8,311.0,3.5,31.5,DT_0035
2022-02-24 03:14:00,1.6,1032.4,334.0,3.3,31.5,DT_0035
2022-02-24 00:02:00,1.2,1032.9,348.0,3.7,31.5,DT_0035
2022-02-24 01:41:00,1.5,1032.9,341.0,4.7,31.5,DT_0035
2022-02-24 01:45:00,1.3,1032.9,347.0,4.3,31.5,DT_0035
2022-02-24 04:59:00,2.1,1032.1,315.0,3.2,31.5,DT_0035
2022-02-24 05:52:00,2.5,1031.9,343.0,4.4,31.5,DT_0035
2022-02-24 08:20:00,2.6,1032.3,296.0,4.5,31.5,DT_0035
2022-02-24 03:04:00,1.5,1032.6,317.0,2.6,31.5,DT_0035
2022-02-24 03:38:00,2.0,1032.4,353.0,5.0,31.5,DT_0035
2022-02-24 03:56:00,1.9,1032.3,342.0,4.0,31.5,DT_0035
2022-02-24 07:30:00,2.6,1032,328.0,3.8,31.5,DT_0035
2022-02-24 00:15:00,1.1,1032.9,345.0,4.0,31.5,DT_0035
2022-02-24 00:53:00,1.4,1032.8,350.0,5.4,31.5,DT_0035
2022-02-24 04:52:00,2.1,1032.1,318.0,4.4,31.5,DT_0035
2022-02-24 06:30:00,2.7,1031.8,342.0,4.8,31.5,DT_0035
2022-02-24 04:11:00,1.9,1032.2,340.0,2.8,31.5,DT_0035
2022-02-24 13:44:00,4.8,1031,332.0,4.3,31.5,DT_0035
2022-02-24 14:29:00,4.4,1030.4,335.0,5.0,31.5,DT_0035
2022-02-24 16:56:00,4.6,1030.1,322.0,3.6,31.5,DT_0035
2022-02-24 12:42:00,4.3,1031.7,340.0,4.1,31.5,DT_0035
2022-02-24 15:58:00,4.4,1030.3,329.0,4.3,31.4,DT_0035
2022-02-24 12:56:00,4.6,1031.6,309.0,2.8,31.5,DT_0035
2022-02-24 15:53:00,4.5,1030.4,322.0,4.1,31.5,DT_0035
2022-02-24 14:15:00,4.4,1030.4,297.0,7.0,31.5,DT_0035
2022-02-24 15:47:00,4.5,1030.4,340.0,5.4,31.5,DT_0035
2022-02-24 14:16:00,4.4,1030.4,347.0,5.7,31.5,DT_0035
2022-02-24 14:25:00,4.5,1030.4,316.0,5.3,31.5,DT_0035
2022-02-24 08:44:00,3.0,1032.5,305.0,4.1,31.5,DT_0035
2022-02-24 10:10:00,3.4,1032.9,296.0,3.5,31.5,DT_0035
2022-02-24 09:27:00,3.2,1032.7,293.0,3.1,31.5,DT_0035
2022-02-24 09:31:00,3.3,1032.8,309.0,3.8,31.5,DT_0035
2022-02-24 09:52:00,3.3,1032.9,322.0,3.9,31.5,DT_0035
2022-02-24 10:57:00,3.8,1032.6,307.0,1.9,31.5,DT_0035
2022-02-24 11:34:00,4.2,1032.3,307.0,4.6,31.5,DT_0035
2022-02-24 11:50:00,4.0,1032.4,305.0,4.0,31.5,DT_0035
2022-02-24 12:45:00,4.3,1031.6,296.0,3.7,31.5,DT_0035
2022-02-24 10:06:00,3.4,1032.9,293.0,4.7,31.5,DT_0035
2022-02-24 09:44:00,3.3,1032.7,294.0,6.2,31.5,DT_0035
2022-02-24 10:19:00,3.4,1032.8,331.0,3.8,31.5,DT_0035
2022-02-24 10:40:00,3.6,1032.6,322.0,3.9,31.5,DT_0035
2022-02-24 15:03:00,4.5,1030.3,339.0,4.7,31.5,DT_0035
2022-02-24 15:28:00,4.5,1030.3,340.0,3.3,31.5,DT_0035
2022-02-24 12:03:00,4.0,1032.2,337.0,4.0,31.5,DT_0035
2022-02-24 14:36:00,4.3,1030.3,328.0,6.5,31.5,DT_0035
2022-02-24 15:40:00,4.5,1030.4,327.0,4.4,31.5,DT_0035
2022-02-24 09:29:00,3.3,1032.8,339.0,3.3,31.5,DT_0035
2022-02-24 10:52:00,3.7,1032.6,298.0,3.1,31.5,DT_0035
2022-02-24 14:39:00,4.3,1030.3,323.0,4.7,31.5,DT_0035
2022-02-24 15:00:00,4.4,1030.3,307.0,2.8,31.5,DT_0035
2022-02-24 12:20:00,4.3,1032.1,301.0,4.2,31.5,DT_0035
2022-02-24 14:28:00,4.5,1030.4,329.0,5.2,31.5,DT_0035
2022-02-24 16:53:00,4.5,1030.1,332.0,3.6,31.5,DT_0035
2022-02-24 09:23:00,3.2,1032.7,266.0,4.8,31.5,DT_0035
2022-02-24 13:54:00,4.5,1030.9,291.0,4.3,31.5,DT_0035
2022-02-24 14:35:00,4.3,1030.4,338.0,5.8,31.5,DT_0035
2022-02-24 09:59:00,3.3,1032.9,346.0,4.5,31.5,DT_0035
2022-02-24 10:24:00,3.4,1032.8,300.0,3.3,31.5,DT_0035
2022-02-24 15:19:00,4.4,1030.3,336.0,5.3,31.5,DT_0035
2022-02-24 16:07:00,4.5,1030.3,337.0,4.8,31.5,DT_0035
2022-02-24 13:30:00,4.7,1031.1,311.0,4.6,31.5,DT_0035
2022-02-24 09:30:00,3.3,1032.7,337.0,3.1,31.5,DT_0035
2022-02-24 10:11:00,3.4,1032.9,292.0,3.0,31.5,DT_0035
2022-02-24 09:43:00,3.4,1032.8,277.0,4.7,31.5,DT_0035
2022-02-24 10:16:00,3.4,1032.8,343.0,4.3,31.5,DT_0035
2022-02-24 10:43:00,3.6,1032.7,294.0,1.7,31.5,DT_0035
2022-02-24 15:09:00,4.4,1030.3,333.0,4.7,31.5,DT_0035
2022-02-24 12:19:00,4.4,1032.1,344.0,3.8,31.5,DT_0035
2022-02-24 12:36:00,4.3,1031.9,286.0,2.2,31.5,DT_0035
2022-02-24 13:34:00,4.9,1031.1,341.0,4.4,31.5,DT_0035
2022-02-24 15:54:00,4.5,1030.4,336.0,4.5,31.5,DT_0035
2022-02-24 14:02:00,4.4,1030.7,335.0,5.7,31.5,DT_0035
2022-02-24 14:14:00,4.6,1030.5,332.0,5.5,31.5,DT_0035
2022-02-24 11:35:00,4.1,1032.3,309.0,3.4,31.5,DT_0035
2022-02-24 12:58:00,4.7,1031.6,335.0,4.4,31.5,DT_0035
2022-02-24 13:43:00,4.8,1031.1,290.0,3.2,31.5,DT_0035
2022-02-24 09:41:00,3.4,1032.7,277.0,4.9,31.5,DT_0035
2022-02-24 10:39:00,3.5,1032.7,319.0,2.8,31.5,DT_0035
2022-02-24 12:21:00,4.2,1032,298.0,4.8,31.5,DT_0035
2022-02-24 14:56:00,4.4,1030.3,334.0,4.7,31.5,DT_0035
2022-02-24 15:43:00,4.6,1030.3,324.0,3.8,31.5,DT_0035
2022-02-24 09:16:00,3.1,1032.6,282.0,5.6,31.5,DT_0035
2022-02-24 09:17:00,3.0,1032.6,287.0,4.6,31.5,DT_0035
2022-02-24 15:02:00,4.5,1030.4,340.0,4.5,31.5,DT_0035
2022-02-24 16:02:00,4.5,1030.3,336.0,4.1,31.5,DT_0035
2022-02-24 16:40:00,4.5,1030.1,339.0,3.8,31.5,DT_0035
2022-02-24 10:42:00,3.6,1032.7,318.0,2.4,31.5,DT_0035
2022-02-24 11:39:00,4.4,1032.3,303.0,5.0,31.5,DT_0035
2022-02-24 11:43:00,4.4,1032.3,314.0,3.1,31.5,DT_0035
2022-02-24 12:06:00,4.0,1032.2,341.0,2.7,31.5,DT_0035
2022-02-24 10:12:00,3.5,1033,332.0,3.9,31.5,DT_0035
2022-02-24 14:58:00,4.5,1030.3,346.0,5.0,31.5,DT_0035
2022-02-24 11:21:00,4.2,1032.4,311.0,4.3,31.5,DT_0035
2022-02-24 12:52:00,4.5,1031.6,272.0,4.2,31.5,DT_0035
2022-02-24 14:21:00,4.4,1030.4,329.0,5.1,31.5,DT_0035
2022-02-24 12:55:00,4.6,1031.6,315.0,3.4,31.5,DT_0035
2022-02-24 11:11:00,4.2,1032.4,289.0,5.3,31.5,DT_0035
2022-02-24 14:06:00,4.3,1030.6,342.0,5.0,31.5,DT_0035
2022-02-24 16:50:00,4.6,1030.1,325.0,4.5,31.5,DT_0035
2022-02-24 08:58:00,3.0,1032.6,285.0,3.6,31.5,DT_0035
2022-02-24 10:23:00,3.3,1032.8,312.0,1.8,31.5,DT_0035
2022-02-24 08:35:00,2.9,1032.5,329.0,3.4,31.5,DT_0035
2022-02-24 09:51:00,3.3,1032.9,339.0,3.2,31.5,DT_0035
2022-02-24 10:18:00,3.4,1032.9,344.0,3.9,31.5,DT_0035
2022-02-24 11:01:00,4.0,1032.5,308.0,4.4,31.5,DT_0035
2022-02-24 15:14:00,4.5,1030.2,327.0,6.0,31.5,DT_0035
2022-02-24 16:01:00,4.4,1030.3,327.0,5.4,31.5,DT_0035
2022-02-24 10:27:00,3.4,1032.7,296.0,4.1,31.5,DT_0035
2022-02-24 12:59:00,4.6,1031.5,341.0,5.0,31.5,DT_0035
2022-02-24 15:52:00,4.6,1030.3,325.0,5.8,31.5,DT_0035
2022-02-24 13:22:00,4.7,1031.2,285.0,4.8,31.5,DT_0035
2022-02-24 09:35:00,3.2,1032.8,328.0,2.6,31.5,DT_0035
2022-02-24 13:56:00,4.6,1030.9,313.0,4.0,31.5,DT_0035
2022-02-24 12:50:00,4.5,1031.5,284.0,6.1,31.5,DT_0035
2022-02-24 10:53:00,3.7,1032.6,302.0,3.9,31.5,DT_0035
2022-02-24 16:30:00,4.7,1030,303.0,3.6,31.5,DT_0035
2022-02-24 09:50:00,3.3,1032.9,304.0,3.1,31.5,DT_0035
2022-02-24 11:00:00,4.0,1032.5,289.0,3.1,31.5,DT_0035
2022-02-24 11:45:00,4.4,1032.3,294.0,4.5,31.5,DT_0035
2022-02-24 15:26:00,4.5,1030.3,316.0,3.8,31.5,DT_0035
2022-02-24 15:48:00,4.5,1030.4,337.0,4.4,31.5,DT_0035
2022-02-24 16:52:00,4.5,1030.1,339.0,4.4,31.5,DT_0035
2022-02-24 08:52:00,2.9,1032.6,309.0,3.9,31.5,DT_0035
2022-02-24 10:51:00,3.7,1032.6,285.0,4.8,31.5,DT_0035
2022-02-24 12:05:00,4.1,1032.2,327.0,5.3,31.5,DT_0035
2022-02-24 08:55:00,2.9,1032.6,344.0,1.3,31.5,DT_0035
2022-02-24 14:43:00,4.4,1030.2,334.0,4.5,31.5,DT_0035
2022-02-24 15:18:00,4.3,1030.3,328.0,4.6,31.5,DT_0035
2022-02-24 16:26:00,4.7,1030.2,339.0,3.9,31.5,DT_0035
2022-02-24 13:17:00,4.5,1031.3,306.0,2.8,31.5,DT_0035
2022-02-24 15:31:00,4.6,1030.3,330.0,4.6,31.5,DT_0035
2022-02-24 15:23:00,4.7,1030.3,326.0,4.0,31.5,DT_0035
2022-02-24 11:36:00,4.1,1032.3,315.0,3.4,31.5,DT_0035
2022-02-24 12:43:00,4.3,1031.7,342.0,4.6,31.5,DT_0035
2022-02-24 10:37:00,3.6,1032.7,311.0,2.6,31.5,DT_0035
2022-02-24 11:12:00,4.1,1032.5,303.0,3.4,31.5,DT_0035
2022-02-24 14:48:00,4.5,1030.2,339.0,5.6,31.5,DT_0035
2022-02-24 16:04:00,4.5,1030.3,330.0,4.2,31.5,DT_0035
2022-02-24 12:30:00,4.6,1031.9,324.0,2.3,31.5,DT_0035
2022-02-24 15:36:00,4.5,1030.3,316.0,4.6,31.5,DT_0035
2022-02-24 15:24:00,4.8,1030.3,309.0,5.6,31.5,DT_0035
2022-02-24 14:19:00,4.3,1030.5,331.0,4.1,31.5,DT_0035
2022-02-24 11:23:00,4.2,1032.3,293.0,5.1,31.5,DT_0035
2022-02-24 16:17:00,4.5,1030.3,333.0,4.1,31.5,DT_0035
2022-02-24 10:05:00,3.4,1033,291.0,4.5,31.5,DT_0035
2022-02-24 14:44:00,4.5,1030.2,296.0,4.6,31.5,DT_0035
2022-02-24 16:31:00,4.8,1030.1,316.0,4.0,31.5,DT_0035
2022-02-24 15:59:00,4.4,1030.3,334.0,4.7,31.5,DT_0035
2022-02-24 08:38:00,2.9,1032.5,320.0,3.2,31.5,DT_0035
2022-02-24 10:26:00,3.4,1032.7,287.0,3.6,31.5,DT_0035
2022-02-24 10:47:00,3.7,1032.7,290.0,3.4,31.5,DT_0035
2022-02-24 13:19:00,4.6,1031.2,333.0,3.8,31.5,DT_0035
2022-02-24 14:18:00,4.4,1030.4,332.0,4.9,31.5,DT_0035
2022-02-24 08:41:00,3.0,1032.5,345.0,4.1,31.5,DT_0035
2022-02-24 09:20:00,3.1,1032.8,307.0,3.1,31.5,DT_0035
2022-02-24 11:04:00,4.0,1032.4,258.0,4.0,31.5,DT_0035
2022-02-24 13:53:00,4.6,1030.8,334.0,4.4,31.5,DT_0035
2022-02-24 13:59:00,4.5,1030.8,312.0,3.8,31.5,DT_0035
2022-02-24 14:45:00,4.6,1030.2,316.0,5.2,31.5,DT_0035
2022-02-24 14:57:00,4.4,1030.3,321.0,4.9,31.5,DT_0035
2022-02-24 09:14:00,3.1,1032.6,278.0,4.3,31.5,DT_0035
2022-02-24 10:13:00,3.5,1033,331.0,3.3,31.5,DT_0035
2022-02-24 15:11:00,4.5,1030.3,326.0,4.3,31.5,DT_0035
2022-02-24 15:13:00,4.5,1030.2,337.0,5.3,31.5,DT_0035
2022-02-24 08:43:00,3.0,1032.5,322.0,4.2,31.5,DT_0035
2022-02-24 10:01:00,3.3,1032.9,295.0,4.5,31.5,DT_0035
2022-02-24 10:03:00,3.4,1033,307.0,2.7,31.5,DT_0035
2022-02-24 11:46:00,4.2,1032.3,290.0,3.5,31.5,DT_0035
2022-02-24 12:44:00,4.3,1031.6,345.0,5.4,31.5,DT_0035
2022-02-24 13:26:00,4.4,1031.2,327.0,4.8,31.5,DT_0035
2022-02-24 14:23:00,4.4,1030.3,346.0,5.7,31.5,DT_0035
2022-02-24 15:20:00,4.5,1030.2,354.0,5.1,31.5,DT_0035
2022-02-24 13:48:00,4.6,1030.8,297.0,5.6,31.5,DT_0035
2022-02-24 16:16:00,4.5,1030.3,321.0,5.3,31.5,DT_0035
2022-02-24 08:34:00,2.9,1032.5,305.0,2.8,31.5,DT_0035
2022-02-24 09:48:00,3.3,1032.8,304.0,3.9,31.5,DT_0035
2022-02-24 15:15:00,4.4,1030.3,327.0,5.0,31.5,DT_0035
2022-02-24 16:21:00,4.5,1030.2,324.0,4.7,31.5,DT_0035
2022-02-24 16:39:00,4.5,1030,314.0,5.0,31.5,DT_0035
2022-02-24 10:36:00,3.6,1032.6,305.0,5.2,31.5,DT_0035
2022-02-24 13:33:00,4.8,1031.1,305.0,3.7,31.5,DT_0035
2022-02-24 16:49:00,4.6,1030.1,330.0,4.5,31.5,DT_0035
2022-02-24 09:45:00,3.3,1032.8,303.0,4.6,31.5,DT_0035
2022-02-24 13:41:00,4.7,1031,305.0,5.5,31.5,DT_0035
2022-02-24 14:12:00,4.6,1030.5,315.0,4.0,31.5,DT_0035
2022-02-24 09:24:00,3.2,1032.7,278.0,4.4,31.5,DT_0035
2022-02-24 10:04:00,3.4,1033,291.0,3.6,31.5,DT_0035
2022-02-24 16:51:00,4.5,1030.1,325.0,4.3,31.5,DT_0035
2022-02-24 11:32:00,4.1,1032.3,311.0,5.4,31.5,DT_0035
2022-02-24 12:02:00,4.0,1032.2,354.0,4.6,31.5,DT_0035
2022-02-24 10:07:00,3.4,1032.9,311.0,3.8,31.5,DT_0035
2022-02-24 10:59:00,4.0,1032.5,330.0,2.5,31.5,DT_0035
2022-02-24 15:07:00,4.4,1030.3,330.0,5.1,31.4,DT_0035
2022-02-24 15:22:00,4.6,1030.2,304.0,4.4,31.5,DT_0035
2022-02-24 11:54:00,3.9,1032.3,324.0,3.7,31.5,DT_0035
2022-02-24 13:10:00,4.5,1031.3,332.0,4.3,31.5,DT_0035
2022-02-24 13:28:00,4.5,1031.2,315.0,3.9,31.5,DT_0035
2022-02-24 13:40:00,4.5,1030.8,323.0,7.4,31.5,DT_0035
2022-02-24 14:59:00,4.4,1030.2,332.0,5.8,31.5,DT_0035
2022-02-24 09:10:00,3.1,1032.6,318.0,4.4,31.5,DT_0035
2022-02-24 13:23:00,4.8,1031.1,312.0,4.7,31.5,DT_0035
2022-02-24 15:17:00,4.3,1030.3,323.0,4.8,31.5,DT_0035
2022-02-24 09:06:00,3.0,1032.7,309.0,2.5,31.5,DT_0035
2022-02-24 12:13:00,4.3,1032.1,326.0,4.2,31.5,DT_0035
2022-02-24 13:03:00,4.4,1031.4,301.0,5.2,31.5,DT_0035
2022-02-24 13:09:00,4.5,1031.4,329.0,4.9,31.5,DT_0035
2022-02-24 14:09:00,4.4,1030.6,312.0,3.5,31.5,DT_0035
2022-02-24 14:24:00,4.5,1030.4,326.0,5.8,31.5,DT_0035
2022-02-24 15:55:00,4.4,1030.3,327.0,5.7,31.5,DT_0035
2022-02-24 09:03:00,3.0,1032.6,288.0,3.9,31.5,DT_0035
2022-02-24 09:07:00,3.0,1032.6,311.0,3.6,31.5,DT_0035
2022-02-24 12:40:00,4.4,1031.7,332.0,5.1,31.5,DT_0035
2022-02-24 16:22:00,4.5,1030.2,335.0,4.2,31.5,DT_0035
2022-02-24 10:32:00,3.6,1032.7,283.0,3.1,31.5,DT_0035
2022-02-24 10:22:00,3.3,1032.8,324.0,2.5,31.5,DT_0035
2022-02-24 14:31:00,4.5,1030.4,333.0,6.0,31.5,DT_0035
2022-02-24 15:16:00,4.3,1030.3,331.0,4.6,31.5,DT_0035
2022-02-24 16:27:00,4.6,1030.2,334.0,2.9,31.5,DT_0035
2022-02-24 11:38:00,4.2,1032.3,283.0,3.5,31.5,DT_0035
2022-02-24 10:54:00,3.8,1032.6,277.0,4.8,31.5,DT_0035
2022-02-24 12:25:00,4.4,1031.9,291.0,4.5,31.5,DT_0035
2022-02-24 13:02:00,4.4,1031.3,335.0,4.7,31.5,DT_0035
2022-02-24 08:57:00,3.0,1032.6,285.0,3.1,31.5,DT_0035
2022-02-24 16:44:00,4.6,1030,336.0,5.4,31.5,DT_0035
2022-02-24 08:54:00,2.9,1032.6,277.0,3.2,31.5,DT_0035
2022-02-24 10:17:00,3.4,1032.9,327.0,4.0,31.5,DT_0035
2022-02-24 15:27:00,4.5,1030.2,344.0,4.8,31.5,DT_0035
2022-02-24 15:39:00,4.5,1030.3,333.0,4.0,31.5,DT_0035
2022-02-24 09:37:00,3.3,1032.8,324.0,3.2,31.5,DT_0035
2022-02-24 12:01:00,4.0,1032.3,333.0,3.9,31.5,DT_0035
2022-02-24 13:31:00,4.7,1031.2,308.0,2.6,31.5,DT_0035
2022-02-24 08:36:00,2.9,1032.5,326.0,3.8,31.5,DT_0035
2022-02-24 13:01:00,4.4,1031.4,332.0,4.6,31.5,DT_0035
2022-02-24 13:08:00,4.4,1031.4,321.0,3.9,31.5,DT_0035
2022-02-24 14:37:00,4.3,1030.4,341.0,4.5,31.5,DT_0035
2022-02-24 14:50:00,4.4,1030.2,341.0,5.3,31.5,DT_0035
2022-02-24 15:29:00,4.5,1030.3,337.0,4.5,31.5,DT_0035
2022-02-24 08:46:00,2.9,1032.5,309.0,3.0,31.4,DT_0035
2022-02-24 11:29:00,4.2,1032.3,288.0,4.9,31.5,DT_0035
2022-02-24 11:57:00,4.2,1032.3,322.0,3.6,31.5,DT_0035
2022-02-24 13:45:00,4.7,1030.9,322.0,4.6,31.5,DT_0035
2022-02-24 09:28:00,3.2,1032.7,286.0,3.3,31.5,DT_0035
2022-02-24 10:38:00,3.5,1032.7,306.0,2.1,31.5,DT_0035
2022-02-24 11:18:00,4.2,1032.4,334.0,4.4,31.5,DT_0035
2022-02-24 11:27:00,4.2,1032.3,315.0,3.3,31.5,DT_0035
2022-02-24 09:38:00,3.3,1032.8,314.0,4.4,31.5,DT_0035
2022-02-24 09:49:00,3.3,1032.8,314.0,3.6,31.5,DT_0035
2022-02-24 10:49:00,3.8,1032.6,298.0,4.8,31.5,DT_0035
2022-02-24 11:59:00,4.3,1032.2,303.0,5.8,31.5,DT_0035
2022-02-24 11:31:00,4.1,1032.3,313.0,4.8,31.5,DT_0035
2022-02-24 09:33:00,3.4,1032.7,303.0,5.0,31.5,DT_0035
2022-02-24 12:35:00,4.3,1031.8,314.0,3.6,31.5,DT_0035
2022-02-24 14:13:00,4.7,1030.6,345.0,3.8,31.5,DT_0035
2022-02-24 14:38:00,4.3,1030.2,326.0,6.1,31.5,DT_0035
2022-02-24 16:37:00,4.5,1030.1,320.0,4.1,31.5,DT_0035
2022-02-24 09:46:00,3.3,1032.8,328.0,2.9,31.5,DT_0035
2022-02-24 16:12:00,4.5,1030.3,333.0,3.6,31.5,DT_0035
2022-02-24 11:47:00,4.2,1032.3,286.0,4.5,31.5,DT_0035
2022-02-24 12:24:00,4.3,1032,291.0,4.1,31.5,DT_0035
2022-02-24 12:33:00,4.3,1031.8,295.0,4.1,31.5,DT_0035
2022-02-24 13:47:00,4.6,1030.8,304.0,6.2,31.5,DT_0035
2022-02-24 14:49:00,4.4,1030.2,327.0,6.2,31.5,DT_0035
2022-02-24 15:08:00,4.4,1030.3,329.0,5.6,31.5,DT_0035
2022-02-24 15:21:00,4.5,1030.1,336.0,6.4,31.5,DT_0035
2022-02-24 11:10:00,4.1,1032.4,302.0,4.4,31.5,DT_0035
2022-02-24 14:51:00,4.4,1030.2,323.0,5.2,31.5,DT_0035
2022-02-24 16:33:00,4.7,1030.1,344.0,5.3,31.5,DT_0035
2022-02-24 11:25:00,4.2,1032.4,284.0,4.6,31.5,DT_0035
2022-02-24 14:47:00,4.5,1030.2,320.0,5.6,31.5,DT_0035
2022-02-24 08:48:00,2.9,1032.5,289.0,3.1,31.5,DT_0035
2022-02-24 11:56:00,4.1,1032.3,300.0,3.9,31.5,DT_0035
2022-02-24 15:04:00,4.5,1030.3,342.0,5.1,31.5,DT_0035
2022-02-24 09:09:00,3.1,1032.6,329.0,3.9,31.5,DT_0035
2022-02-24 10:20:00,3.3,1032.8,320.0,3.6,31.5,DT_0035
2022-02-24 11:52:00,3.9,1032.4,308.0,2.7,31.5,DT_0035
2022-02-24 12:07:00,4.0,1032.1,346.0,3.7,31.5,DT_0035
2022-02-24 12:46:00,4.3,1031.6,300.0,5.7,31.5,DT_0035
2022-02-24 13:07:00,4.4,1031.4,313.0,4.0,31.5,DT_0035
2022-02-24 13:11:00,4.5,1031.4,340.0,4.1,31.5,DT_0035
2022-02-24 12:47:00,4.3,1031.6,338.0,3.2,31.4,DT_0035
2022-02-24 12:14:00,4.5,1032.1,330.0,3.9,31.5,DT_0035
2022-02-24 12:22:00,4.4,1032,311.0,4.7,31.5,DT_0035
2022-02-24 12:48:00,4.3,1031.5,346.0,5.5,31.5,DT_0035
2022-02-24 09:08:00,3.1,1032.6,321.0,4.1,31.5,DT_0035
2022-02-24 13:36:00,4.6,1031.1,338.0,4.4,31.5,DT_0035
2022-02-24 10:44:00,3.7,1032.7,302.0,2.8,31.5,DT_0035
2022-02-24 15:45:00,4.5,1030.3,314.0,4.0,31.5,DT_0035
2022-02-24 14:27:00,4.4,1030.4,337.0,5.5,31.5,DT_0035
2022-02-24 16:29:00,4.6,1029.9,341.0,5.7,31.5,DT_0035
2022-02-24 16:57:00,4.6,1030.1,313.0,4.9,31.5,DT_0035
2022-02-24 11:58:00,4.2,1032.2,278.0,4.6,31.5,DT_0035
2022-02-24 14:42:00,4.5,1030.1,347.0,6.5,31.5,DT_0035
2022-02-24 16:05:00,4.5,1030.3,336.0,5.3,31.5,DT_0035
2022-02-24 11:16:00,4.3,1032.4,314.0,4.3,31.5,DT_0035
2022-02-24 12:41:00,4.4,1031.7,331.0,4.6,31.5,DT_0035
2022-02-24 13:32:00,4.7,1031.2,324.0,2.2,31.5,DT_0035
2022-02-24 14:54:00,4.4,1030.3,326.0,5.5,31.5,DT_0035
2022-02-24 15:01:00,4.5,1030.3,337.0,4.5,31.5,DT_0035
2022-02-24 11:02:00,4.0,1032.4,309.0,4.9,31.5,DT_0035
2022-02-24 11:51:00,3.9,1032.4,298.0,2.5,31.5,DT_0035
2022-02-24 08:32:00,2.9,1032.3,346.0,5.3,31.5,DT_0035
2022-02-24 10:33:00,3.6,1032.7,312.0,4.7,31.5,DT_0035
2022-02-24 13:37:00,4.5,1031.1,338.0,4.9,31.5,DT_0035
2022-02-24 14:32:00,4.4,1030.4,327.0,5.1,31.5,DT_0035
2022-02-24 09:34:00,3.3,1032.8,298.0,2.9,31.5,DT_0035
2022-02-24 10:00:00,3.3,1032.9,349.0,3.4,31.5,DT_0035
2022-02-24 10:41:00,3.6,1032.7,305.0,4.3,31.5,DT_0035
2022-02-24 12:08:00,4.0,1032.2,322.0,3.8,31.5,DT_0035
2022-02-24 15:30:00,4.6,1030.3,338.0,5.6,31.5,DT_0035
2022-02-24 08:45:00,3.0,1032.5,298.0,5.5,31.5,DT_0035
2022-02-24 09:55:00,3.3,1032.8,273.0,2.9,31.5,DT_0035
2022-02-24 10:25:00,3.4,1032.8,302.0,3.0,31.5,DT_0035
2022-02-24 12:11:00,4.0,1032.1,323.0,4.9,31.5,DT_0035
2022-02-24 16:55:00,4.6,1030.1,339.0,3.7,31.5,DT_0035
2022-02-24 09:53:00,3.3,1032.9,318.0,3.5,31.5,DT_0035
2022-02-24 11:17:00,4.2,1032.4,334.0,3.1,31.5,DT_0035
2022-02-24 12:12:00,4.1,1032.1,315.0,4.0,31.5,DT_0035
2022-02-24 12:28:00,4.6,1031.9,340.0,3.0,31.5,DT_0035
2022-02-24 13:21:00,4.8,1031.2,324.0,3.9,31.5,DT_0035
2022-02-24 15:32:00,4.6,1030.3,343.0,5.1,31.5,DT_0035
2022-02-24 08:39:00,3.0,1032.5,322.0,4.0,31.5,DT_0035
2022-02-24 08:49:00,2.9,1032.6,312.0,2.3,31.5,DT_0035
2022-02-24 15:25:00,4.6,1030.3,323.0,4.4,31.5,DT_0035
2022-02-24 10:58:00,3.9,1032.6,304.0,2.0,31.5,DT_0035
2022-02-24 16:13:00,4.5,1030.3,335.0,4.3,31.5,DT_0035
2022-02-24 10:30:00,3.5,1032.7,291.0,3.2,31.5,DT_0035
2022-02-24 11:55:00,4.0,1032.3,339.0,2.7,31.5,DT_0035
2022-02-24 08:31:00,2.8,1032.4,342.0,3.5,31.5,DT_0035
2022-02-24 09:05:00,3.0,1032.6,288.0,3.5,31.5,DT_0035
2022-02-24 11:41:00,4.3,1032.3,320.0,3.3,31.5,DT_0035
2022-02-24 13:55:00,4.5,1030.9,289.0,3.2,31.5,DT_0035
2022-02-24 15:34:00,4.5,1030.3,329.0,4.3,31.5,DT_0035
2022-02-24 16:45:00,4.6,1030,335.0,5.1,31.5,DT_0035
2022-02-24 09:12:00,3.1,1032.7,305.0,3.3,31.5,DT_0035
2022-02-24 12:31:00,4.5,1031.8,304.0,3.8,31.5,DT_0035
2022-02-24 14:07:00,4.3,1030.7,322.0,4.5,31.5,DT_0035
2022-02-24 16:10:00,4.5,1030.3,333.0,4.3,31.5,DT_0035
2022-02-24 11:20:00,4.1,1032.2,338.0,5.1,31.5,DT_0035
2022-02-24 12:26:00,4.4,1032,309.0,3.3,31.5,DT_0035
2022-02-24 13:58:00,4.6,1030.8,289.0,5.6,31.5,DT_0035
2022-02-24 14:08:00,4.4,1030.6,295.0,5.0,31.5,DT_0035
2022-02-24 15:05:00,4.4,1030.3,329.0,5.3,31.5,DT_0035
2022-02-24 16:11:00,4.5,1030.3,340.0,4.4,31.5,DT_0035
2022-02-24 09:00:00,3.0,1032.6,308.0,4.0,31.5,DT_0035
2022-02-24 10:02:00,3.3,1033,330.0,2.7,31.5,DT_0035
2022-02-24 10:21:00,3.3,1032.8,307.0,3.1,31.5,DT_0035
2022-02-24 11:14:00,4.1,1032.4,326.0,3.8,31.5,DT_0035
2022-02-24 11:42:00,4.3,1032.4,298.0,2.6,31.5,DT_0035
2022-02-24 12:10:00,4.0,1032.1,319.0,3.0,31.5,DT_0035
2022-02-24 09:40:00,3.3,1032.7,335.0,4.6,31.5,DT_0035
2022-02-24 11:24:00,4.2,1032.4,321.0,3.9,31.5,DT_0035
2022-02-24 13:39:00,4.5,1031.1,339.0,3.5,31.5,DT_0035
2022-02-24 14:11:00,4.5,1030.6,307.0,3.0,31.5,DT_0035
2022-02-24 16:03:00,4.5,1030.3,330.0,5.2,31.5,DT_0035
2022-02-24 16:34:00,4.5,1030,347.0,5.3,31.5,DT_0035
2022-02-24 09:13:00,3.1,1032.7,303.0,4.1,31.5,DT_0035
2022-02-24 10:08:00,3.4,1033,304.0,3.1,31.5,DT_0035
2022-02-24 11:48:00,4.1,1032.3,302.0,6.1,31.5,DT_0035
2022-02-24 13:46:00,4.6,1030.9,292.0,5.1,31.5,DT_0035
2022-02-24 14:03:00,4.3,1030.8,330.0,3.2,31.5,DT_0035
2022-02-24 11:06:00,4.0,1032.4,269.0,5.0,31.5,DT_0035
2022-02-24 16:24:00,4.4,1030.2,337.0,4.2,31.5,DT_0035
2022-02-24 08:47:00,2.9,1032.5,324.0,3.4,31.5,DT_0035
2022-02-24 12:04:00,4.1,1032.2,344.0,4.1,31.4,DT_0035
2022-02-24 16:25:00,4.5,1030.1,329.0,3.3,31.5,DT_0035
2022-02-24 08:50:00,2.9,1032.6,330.0,3.4,31.5,DT_0035
2022-02-24 12:15:00,4.3,1032.1,342.0,3.0,31.5,DT_0035
2022-02-24 12:16:00,4.2,1032,355.0,5.2,31.5,DT_0035
2022-02-24 12:34:00,4.3,1031.8,294.0,4.2,31.5,DT_0035
2022-02-24 14:01:00,4.4,1030.7,344.0,5.0,31.5,DT_0035
2022-02-24 10:55:00,3.8,1032.6,328.0,2.8,31.5,DT_0035
2022-02-24 15:49:00,4.5,1030.3,334.0,4.0,31.5,DT_0035
2022-02-24 10:35:00,3.5,1032.7,303.0,2.5,31.5,DT_0035
2022-02-24 11:49:00,4.0,1032.4,317.0,3.5,31.5,DT_0035
2022-02-24 09:01:00,3.1,1032.6,294.0,3.9,31.5,DT_0035
2022-02-24 14:33:00,4.3,1030.4,327.0,5.5,31.5,DT_0035
2022-02-24 16:23:00,4.4,1030.1,346.0,6.1,31.5,DT_0035
2022-02-24 08:29:00,2.7,1032.4,310.0,2.5,31.5,DT_0035
2022-02-24 09:19:00,3.0,1032.7,306.0,2.9,31.5,DT_0035
2022-02-24 15:56:00,4.4,1030.4,328.0,4.6,31.5,DT_0035
2022-02-24 09:47:00,3.2,1032.8,329.0,2.5,31.5,DT_0035
2022-02-24 09:57:00,3.3,1032.9,292.0,4.2,31.5,DT_0035
2022-02-24 13:25:00,4.6,1031.1,345.0,5.6,31.5,DT_0035
2022-02-24 14:26:00,4.5,1030.4,331.0,5.6,31.5,DT_0035
2022-02-24 15:42:00,4.6,1030.3,344.0,5.1,31.5,DT_0035
2022-02-24 16:43:00,4.5,1029.9,340.0,5.7,31.5,DT_0035
2022-02-24 15:51:00,4.6,1030.4,331.0,4.3,31.5,DT_0035
2022-02-24 16:42:00,4.5,1030,335.0,4.4,31.5,DT_0035
2022-02-24 11:26:00,4.3,1032.4,319.0,4.7,31.5,DT_0035
2022-02-24 14:00:00,4.4,1030.7,343.0,4.7,31.5,DT_0035
2022-02-24 11:28:00,4.2,1032.3,287.0,5.9,31.5,DT_0035
2022-02-24 08:56:00,3.0,1032.6,295.0,2.1,31.5,DT_0035
2022-02-24 10:46:00,3.7,1032.7,296.0,2.3,31.5,DT_0035
2022-02-24 16:06:00,4.5,1030.3,339.0,4.0,31.5,DT_0035
2022-02-24 12:37:00,4.5,1031.8,274.0,4.5,31.5,DT_0035
2022-02-24 13:20:00,4.7,1031.1,335.0,5.6,31.5,DT_0035
2022-02-24 08:30:00,2.8,1032.4,303.0,3.8,31.5,DT_0035
2022-02-24 10:29:00,3.5,1032.7,300.0,4.3,31.5,DT_0035
2022-02-24 13:04:00,4.6,1031.3,301.0,5.3,31.5,DT_0035
2022-02-24 13:24:00,4.7,1031.2,327.0,4.0,31.5,DT_0035
2022-02-24 16:14:00,4.5,1030.3,333.0,4.7,31.5,DT_0035
2022-02-24 09:42:00,3.4,1032.8,265.0,3.4,31.5,DT_0035
2022-02-24 11:07:00,4.0,1032.3,275.0,5.9,31.5,DT_0035
2022-02-24 11:08:00,4.1,1032.4,312.0,4.5,31.5,DT_0035
2022-02-24 12:32:00,4.4,1031.9,319.0,3.8,31.5,DT_0035
2022-02-24 15:35:00,4.5,1030.3,308.0,4.8,31.5,DT_0035
2022-02-24 16:48:00,4.5,1030.1,319.0,4.5,31.5,DT_0035
2022-02-24 09:25:00,3.2,1032.7,286.0,3.6,31.5,DT_0035
2022-02-24 10:14:00,3.5,1032.9,338.0,4.0,31.5,DT_0035
2022-02-24 10:50:00,3.8,1032.6,286.0,4.6,31.5,DT_0035
2022-02-24 13:38:00,4.5,1031.1,333.0,4.5,31.5,DT_0035
2022-02-24 13:16:00,4.4,1031.2,334.0,4.3,31.5,DT_0035
2022-02-24 14:52:00,4.4,1030.3,317.0,4.8,31.5,DT_0035
2022-02-24 09:36:00,3.2,1032.8,308.0,2.2,31.5,DT_0035
2022-02-24 09:54:00,3.3,1032.9,305.0,2.8,31.5,DT_0035
2022-02-24 16:46:00,4.5,1030.1,336.0,4.1,31.5,DT_0035
2022-02-24 09:56:00,3.3,1032.8,264.0,3.8,31.5,DT_0035
2022-02-24 16:00:00,4.4,1030.3,327.0,4.6,31.5,DT_0035
2022-02-24 09:22:00,3.2,1032.7,287.0,3.9,31.5,DT_0035
2022-02-24 14:04:00,4.3,1030.8,323.0,3.9,31.5,DT_0035
2022-02-24 10:48:00,3.7,1032.6,305.0,4.6,31.5,DT_0035
2022-02-24 11:15:00,4.3,1032.5,303.0,3.9,31.5,DT_0035
2022-02-24 13:50:00,4.6,1030.8,300.0,4.6,31.5,DT_0035
2022-02-24 16:54:00,4.6,1030.1,326.0,4.2,31.4,DT_0035
2022-02-24 10:28:00,3.4,1032.7,297.0,4.0,31.5,DT_0035
2022-02-24 14:46:00,4.5,1030.2,332.0,4.5,31.5,DT_0035
2022-02-24 11:33:00,4.1,1032.2,296.0,5.2,31.5,DT_0035
2022-02-24 13:52:00,4.6,1030.9,323.0,3.5,31.5,DT_0035
2022-02-24 08:40:00,3.0,1032.5,345.0,3.9,31.5,DT_0035
2022-02-24 11:13:00,4.1,1032.5,334.0,3.0,31.5,DT_0035
2022-02-24 12:17:00,4.1,1032.1,317.0,3.0,31.5,DT_0035
2022-02-24 13:12:00,4.4,1031.2,349.0,5.0,31.5,DT_0035
2022-02-24 13:29:00,4.6,1031.2,329.0,3.4,31.5,DT_0035
2022-02-24 09:21:00,3.1,1032.7,314.0,2.9,31.5,DT_0035
2022-02-24 13:42:00,4.8,1031,294.0,5.2,31.5,DT_0035
2022-02-24 14:34:00,4.3,1030.4,335.0,4.8,31.5,DT_0035
2022-02-24 12:38:00,4.5,1031.8,298.0,3.9,31.5,DT_0035
2022-02-24 09:04:00,3.0,1032.6,316.0,5.3,31.5,DT_0035
2022-02-24 11:37:00,4.2,1032.3,304.0,2.8,31.5,DT_0035
2022-02-24 08:33:00,2.9,1032.4,293.0,3.9,31.5,DT_0035
2022-02-24 13:00:00,4.5,1031.5,327.0,5.7,31.5,DT_0035
2022-02-24 14:10:00,4.4,1030.6,299.0,3.7,31.5,DT_0035
2022-02-24 12:18:00,4.2,1032.1,315.0,3.1,31.5,DT_0035
2022-02-24 14:05:00,4.3,1030.7,336.0,4.1,31.5,DT_0035
2022-02-24 15:50:00,4.6,1030.3,294.0,4.4,31.5,DT_0035
2022-02-24 16:28:00,4.6,1030,350.0,5.1,31.5,DT_0035
2022-02-24 08:53:00,2.9,1032.6,281.0,2.8,31.5,DT_0035
2022-02-24 12:09:00,4.0,1032.2,325.0,3.7,31.5,DT_0035
2022-02-24 13:14:00,4.4,1031.3,318.0,5.0,31.5,DT_0035
2022-02-24 16:35:00,4.5,1030.1,334.0,4.4,31.5,DT_0035
2022-02-24 16:47:00,4.5,1030.1,338.0,4.1,31.5,DT_0035
2022-02-24 10:56:00,3.8,1032.6,340.0,2.8,31.5,DT_0035
2022-02-24 12:23:00,4.3,1032,324.0,2.9,31.5,DT_0035
2022-02-24 12:39:00,4.5,1031.8,285.0,3.9,31.5,DT_0035
2022-02-24 15:12:00,4.6,1030.3,338.0,4.9,31.5,DT_0035
2022-02-24 16:20:00,4.5,1030.2,335.0,6.3,31.5,DT_0035
2022-02-24 13:13:00,4.4,1031.2,337.0,5.4,31.5,DT_0035
2022-02-24 14:22:00,4.4,1030.4,349.0,6.3,31.5,DT_0035
2022-02-24 15:41:00,4.5,1030.4,337.0,3.6,31.5,DT_0035
2022-02-24 15:57:00,4.4,1030.3,341.0,5.1,31.5,DT_0035
2022-02-24 12:51:00,4.6,1031.5,290.0,6.7,31.5,DT_0035
2022-02-24 13:49:00,4.6,1030.8,284.0,5.3,31.5,DT_0035
2022-02-24 16:19:00,4.5,1030.3,343.0,4.5,31.5,DT_0035
2022-02-24 09:02:00,3.1,1032.6,276.0,4.0,31.5,DT_0035
2022-02-24 12:57:00,4.6,1031.6,332.0,3.6,31.5,DT_0035
2022-02-24 11:09:00,4.2,1032.4,294.0,5.7,31.5,DT_0035
2022-02-24 15:38:00,4.5,1030.3,334.0,4.9,31.5,DT_0035
2022-02-24 08:51:00,2.9,1032.6,314.0,3.5,31.5,DT_0035
2022-02-24 15:44:00,4.5,1030.3,323.0,3.5,31.4,DT_0035
2022-02-24 16:41:00,4.5,1030,339.0,5.2,31.5,DT_0035
2022-02-24 11:05:00,4.0,1032.3,280.0,5.9,31.5,DT_0035
2022-02-24 13:27:00,4.4,1031.2,336.0,4.2,31.5,DT_0035
2022-02-24 13:35:00,4.8,1031.1,331.0,5.1,31.5,DT_0035
2022-02-24 10:15:00,3.4,1032.8,324.0,4.1,31.5,DT_0035
2022-02-24 11:03:00,4.0,1032.4,305.0,5.4,31.5,DT_0035
2022-02-24 12:49:00,4.4,1031.5,307.0,5.6,31.5,DT_0035
2022-02-24 09:18:00,3.0,1032.7,283.0,3.4,31.5,DT_0035
2022-02-24 12:00:00,4.2,1032.3,342.0,4.3,31.5,DT_0035
2022-02-24 12:29:00,4.6,1031.9,313.0,3.5,31.5,DT_0035
2022-02-24 13:06:00,4.5,1031.3,296.0,6.1,31.5,DT_0035
2022-02-24 14:20:00,4.3,1030.5,319.0,4.2,31.5,DT_0035
2022-02-24 14:41:00,4.5,1030.2,340.0,4.8,31.5,DT_0035
2022-02-24 16:32:00,4.8,1030.1,332.0,4.8,31.5,DT_0035
2022-02-24 16:38:00,4.5,1030,320.0,4.6,31.5,DT_0035
2022-02-24 08:59:00,3.0,1032.6,329.0,3.1,31.5,DT_0035
2022-02-24 11:30:00,4.2,1032.4,305.0,4.4,31.5,DT_0035
2022-02-24 11:40:00,4.4,1032.3,298.0,3.2,31.5,DT_0035
2022-02-24 11:44:00,4.4,1032.3,302.0,3.9,31.5,DT_0035
2022-02-24 12:53:00,4.5,1031.5,270.0,5.8,31.5,DT_0035
2022-02-24 13:51:00,4.6,1030.9,286.0,4.4,31.5,DT_0035
2022-02-24 14:55:00,4.3,1030.3,327.0,4.3,31.5,DT_0035
2022-02-24 15:10:00,4.4,1030.2,308.0,4.8,31.5,DT_0035
2022-02-24 15:33:00,4.5,1030.3,332.0,4.7,31.4,DT_0035
2022-02-24 13:15:00,4.4,1031.3,335.0,3.2,31.5,DT_0035
2022-02-24 16:09:00,4.4,1030.3,325.0,3.4,31.5,DT_0035
2022-02-24 09:11:00,3.1,1032.7,320.0,3.7,31.5,DT_0035
2022-02-24 10:09:00,3.4,1032.9,304.0,4.0,31.5,DT_0035
2022-02-24 14:17:00,4.4,1030.5,340.0,4.9,31.5,DT_0035
2022-02-24 08:42:00,3.1,1032.5,329.0,4.8,31.5,DT_0035
2022-02-24 09:32:00,3.4,1032.8,298.0,3.0,31.5,DT_0035
2022-02-24 09:58:00,3.3,1032.9,346.0,4.0,31.5,DT_0035
2022-02-24 15:46:00,4.5,1030.4,331.0,3.7,31.5,DT_0035
2022-02-24 14:53:00,4.4,1030.3,327.0,5.4,31.5,DT_0035
2022-02-24 16:36:00,4.5,1030.1,331.0,3.8,31.5,DT_0035
2022-02-24 09:26:00,3.2,1032.7,284.0,3.5,31.5,DT_0035
2022-02-24 09:39:00,3.3,1032.8,333.0,2.3,31.5,DT_0035
2022-02-24 10:31:00,3.5,1032.7,285.0,4.0,31.5,DT_0035
2022-02-24 10:45:00,3.7,1032.6,303.0,3.5,31.4,DT_0035
2022-02-24 11:53:00,3.9,1032.3,304.0,3.4,31.5,DT_0035
2022-02-24 14:30:00,4.4,1030.4,338.0,4.8,31.5,DT_0035
2022-02-24 15:06:00,4.4,1030.3,322.0,4.7,31.5,DT_0035
2022-02-24 16:08:00,4.5,1030.3,326.0,5.0,31.5,DT_0035
2022-02-24 13:18:00,4.5,1031.3,302.0,2.3,31.5,DT_0035
2022-02-24 16:15:00,4.5,1030.3,341.0,4.3,31.5,DT_0035
2022-02-24 11:22:00,4.2,1032.4,301.0,4.3,31.5,DT_0035
2022-02-24 16:18:00,4.5,1030.3,329.0,5.6,31.5,DT_0035
2022-02-24 08:37:00,2.9,1032.4,334.0,5.1,31.5,DT_0035
2022-02-24 13:05:00,4.6,1031.3,299.0,5.1,31.5,DT_0035
2022-02-24 15:37:00,4.5,1030.4,344.0,4.4,31.5,DT_0035
2022-02-24 09:15:00,3.1,1032.6,300.0,6.0,31.5,DT_0035
2022-02-24 10:34:00,3.5,1032.7,315.0,2.2,31.5,DT_0035
2022-02-24 13:57:00,4.6,1030.9,316.0,3.7,31.5,DT_0035
2022-02-24 11:19:00,4.2,1032.4,331.0,4.2,31.5,DT_0035
2022-02-24 12:27:00,4.5,1032,308.0,2.8,31.5,DT_0035
2022-02-24 12:54:00,4.6,1031.5,285.0,5.0,31.5,DT_0035
2022-02-24 14:40:00,4.4,1030.2,326.0,4.8,31.5,DT_0035
